aqi,pm25,pm10,temperature,humidity,wind_speed,aqi_next_24h
316.36,158.85,249.9,31.35,55.02,4.55,192.99
192.39,77.03,130.96,13.31,34.04,5.25,83.86
347.68,194.72,283.28,14.8,38.42,8.41,192.04
288.03,150.41,188.8,30.29,46.37,5.97,168.22
64.85,21.82,20.45,37.8,54.64,0.47,31.24
390.98,199.45,264.47,31.13,46.22,3.55,254.18
311.62,128.38,200.62,11.16,45.98,7.18,165.93
320.84,120.16,194.94,41.05,24.26,2.49,194.9
77.4,27.87,48.2,14.46,84.25,8.34,20.99
196.64,92.61,148.48,17.44,63.73,4.86,88.89
167.2,61.21,85.62,41.2,26.69,1.01,96.01
372.9,153.87,218.9,34.67,48.91,2.33,246.24
268.23,102.99,154.09,39.97,48.34,8.18,146.09
334.42,144.97,221.05,35.81,63.05,8.92,194.88
194.06,78.5,134.63,30.86,63.71,7.79,84.36
114.08,55.16,84.94,19.11,66.62,3.02,65.11
235.2,95.54,130.5,20.46,70.83,6.97,129.81
53.61,23.55,33.96,40.31,23.27,2.16,35.89
336.22,162.94,228.64,37.54,39.39,3.58,211.57
263.72,104.9,181.26,21.5,16.39,6.34,148.34
310.49,141.95,192.25,21.94,51.37,8.73,161.61
161.17,56.14,66.84,19.53,49.35,4.06,83.91
389.16,132.0,189.74,20.44,73.75,4.56,222.35
360.45,147.84,247.48,37.54,28.37,2.14,226.58
318.0,142.09,228.73,10.34,65.52,3.75,189.08
102.02,49.24,79.91,23.95,39.54,0.75,54.27
202.69,105.77,168.59,40.17,45.55,7.76,79.47
46.21,20.71,18.4,27.36,72.54,0.41,31.51
87.09,45.72,67.2,24.41,20.72,6.22,20.87
282.73,134.86,183.33,20.0,42.42,2.6,177.65
305.56,108.62,131.93,12.37,46.31,4.39,175.44
387.98,183.17,279.51,17.18,72.26,2.68,259.83
150.56,63.65,90.37,12.89,30.94,3.72,75.59
167.07,71.03,95.71,14.05,90.79,5.01,79.94
203.74,71.2,117.22,15.23,94.82,5.84,115.02
100.1,54.22,80.72,19.66,80.51,8.47,26.59
78.07,48.22,63.74,10.35,38.98,3.12,32.83
206.01,72.77,120.49,40.4,68.11,5.35,101.12
113.96,60.13,94.21,13.96,21.65,8.14,24.04
277.83,129.83,162.52,22.26,84.7,2.75,173.08
191.75,77.76,111.98,38.14,56.28,7.81,74.7
338.09,171.38,273.88,13.41,29.12,8.63,181.67
289.1,134.11,231.36,25.48,41.19,7.66,160.55
145.58,89.92,156.41,37.03,79.06,5.21,88.41
337.94,184.25,280.8,27.82,84.62,6.55,222.91
327.76,115.45,162.5,16.73,56.58,4.43,197.73
173.37,76.24,115.43,33.54,53.42,5.46,104.0
136.68,52.78,79.51,31.8,75.06,8.78,51.19
282.52,103.38,147.53,21.59,81.1,2.41,183.14
81.71,39.01,66.1,11.48,76.19,7.17,16.82
103.97,53.78,63.95,10.25,45.75,4.65,51.33
32.72,7.42,3.74,36.41,66.35,1.76,2.35
321.16,148.02,233.94,20.29,83.59,5.86,178.01
275.99,149.81,231.7,14.41,27.14,7.17,167.35
290.91,123.25,217.7,26.59,46.05,5.21,154.36
318.87,139.93,249.16,39.47,19.53,7.57,177.76
199.8,107.81,133.6,10.27,47.71,3.42,108.76
240.43,102.97,144.0,11.8,76.78,8.24,130.46
81.72,25.77,37.41,23.35,30.76,5.91,29.38
72.38,20.86,22.62,31.63,58.35,7.27,6.66
277.31,146.4,219.28,25.24,17.93,2.6,191.07
204.31,77.19,115.1,38.72,86.81,4.13,117.62
239.14,99.99,195.74,11.41,80.6,8.2,145.25
313.05,116.34,175.03,20.88,56.95,0.65,208.96
264.85,116.31,204.48,21.24,71.46,3.76,157.98
234.82,134.37,194.03,20.88,23.31,7.07,125.07
236.91,103.38,127.81,25.61,82.62,6.75,123.31
142.46,79.01,134.0,35.3,72.22,7.69,61.6
41.4,18.2,10.88,20.17,24.6,6.71,0.0
191.59,85.12,113.15,33.82,93.46,8.53,88.99
109.4,60.82,83.9,14.69,16.8,4.58,35.48
181.16,83.52,121.63,27.94,65.28,5.69,63.69
345.76,141.98,222.72,22.0,28.74,7.66,182.11
116.56,59.46,74.97,27.25,72.54,6.37,41.96
51.57,20.28,16.49,13.45,20.63,1.1,17.69
134.11,54.34,84.48,40.51,21.49,3.43,37.91
138.63,71.57,87.4,39.0,52.3,5.06,55.96
274.91,103.36,170.73,36.44,94.52,6.84,147.28
236.1,91.25,118.08,38.57,37.12,4.98,117.93
320.04,116.2,163.44,14.69,64.0,7.04,169.78
275.8,124.13,203.92,26.12,56.49,7.57,157.16
180.36,65.81,114.16,20.17,82.37,2.53,117.31
331.19,162.38,238.63,38.4,38.09,5.62,204.52
91.78,30.28,43.63,16.06,59.4,5.1,39.42
38.4,17.1,28.57,17.04,91.05,2.2,10.87
63.32,22.05,45.17,31.97,41.61,4.51,19.52
297.27,128.17,180.44,12.84,50.15,5.03,178.75
200.89,80.94,111.49,33.44,86.11,7.39,91.95
89.67,49.3,63.49,18.58,41.6,4.26,28.98
215.39,94.25,136.24,31.15,45.45,0.91,144.69
86.36,33.22,46.12,37.94,39.33,4.49,14.88
287.64,143.46,190.06,29.51,79.76,7.57,148.5
195.08,91.86,159.04,16.81,89.43,5.23,105.36
170.98,71.63,103.62,11.57,65.49,3.01,100.58
141.56,76.4,137.3,11.43,64.89,8.3,54.04
263.2,121.35,204.5,12.84,46.2,1.57,182.28
163.87,65.78,98.79,28.55,16.0,3.08,81.21
62.43,26.49,43.44,21.14,28.92,4.05,8.18
73.66,26.02,30.02,17.78,26.8,6.69,12.19
385.9,155.82,264.14,17.02,24.27,7.55,206.08
366.17,178.69,299.38,40.35,67.32,0.72,244.82
288.89,114.5,174.78,13.8,25.91,7.17,130.21
128.37,67.46,95.65,19.75,21.85,6.54,53.0
388.6,210.11,299.98,25.09,45.61,8.07,239.22
318.14,153.38,194.5,10.01,34.92,8.12,156.45
295.25,153.9,251.21,39.47,26.67,7.04,176.04
196.26,97.56,120.19,13.17,26.69,1.87,121.56
130.73,71.15,104.05,31.84,35.5,2.96,56.51
65.66,35.01,54.35,30.12,57.95,8.44,0.0
363.96,144.08,235.5,35.89,75.65,5.46,208.64
198.64,88.54,144.98,30.84,83.22,4.94,110.77
104.87,47.92,63.9,34.62,75.11,8.26,33.27
143.2,56.19,101.82,23.48,65.26,7.89,67.49
244.31,117.28,205.34,25.64,87.61,6.6,124.52
95.41,26.88,47.4,32.45,56.58,7.96,8.14
346.95,178.09,283.02,28.19,65.67,1.2,226.84
310.65,120.73,190.0,26.37,47.93,6.87,152.19
296.2,101.19,161.67,16.58,41.19,8.7,141.41
189.87,67.35,110.02,18.26,41.54,0.63,120.66
262.1,107.5,206.32,21.47,26.87,2.16,147.74
246.12,98.78,144.5,10.3,78.73,7.19,128.25
270.44,97.41,151.85,23.36,19.43,4.78,136.31
61.24,18.74,32.28,10.09,68.97,0.96,33.74
183.85,69.13,96.03,28.08,84.16,2.56,125.48
45.4,22.26,41.68,32.53,54.79,3.05,18.38
212.78,93.84,155.21,27.99,20.62,3.03,128.69
152.05,59.9,81.81,32.19,49.27,7.92,47.15
83.47,35.5,55.61,10.0,42.46,6.03,20.75
68.26,36.11,55.89,11.9,93.84,6.67,21.62
247.43,87.76,115.12,32.35,70.3,0.32,170.34
93.12,32.89,50.89,35.69,72.71,3.96,43.96
372.29,185.77,316.15,32.97,56.27,3.0,245.27
244.99,134.76,216.75,31.22,71.75,7.7,123.12
158.34,84.07,118.75,32.64,72.81,8.59,59.48
248.64,111.94,181.12,33.67,20.31,3.93,153.37
38.44,10.32,38.39,33.18,32.81,8.76,0.0
384.67,154.02,209.17,33.62,16.04,0.33,252.47
208.45,104.48,163.68,12.37,55.78,3.07,141.44
319.61,159.92,252.71,12.02,85.06,7.02,193.48
60.61,28.62,65.54,21.56,63.76,3.37,20.98
210.06,110.26,140.28,26.88,55.02,8.3,82.67
211.56,92.73,132.99,34.4,89.08,2.12,151.89
377.0,194.22,301.66,20.71,28.78,7.2,228.12
241.54,123.0,165.28,18.8,20.97,1.97,172.3
205.19,86.47,140.27,35.01,88.38,1.93,156.51
128.78,66.3,122.04,17.98,87.22,4.12,62.15
152.68,59.18,77.73,36.27,69.64,8.52,35.91
222.65,124.08,191.39,15.67,34.68,5.35,97.55
192.4,101.3,166.91,21.5,92.58,5.79,118.49
38.0,17.57,28.09,22.83,76.23,0.29,38.91
335.73,164.51,248.5,19.58,68.91,0.7,228.48
361.58,128.53,201.51,10.11,32.83,0.79,219.29
81.89,42.5,45.72,17.54,56.05,7.41,10.16
234.99,125.13,175.11,20.8,80.81,2.28,159.92
70.17,29.75,35.19,20.04,83.82,3.09,43.49
278.73,142.18,214.15,35.14,59.91,5.57,163.23
134.06,50.45,63.09,11.52,56.82,5.34,61.58
273.99,113.09,142.0,22.45,70.81,3.81,164.32
298.99,125.29,225.12,11.2,57.26,0.24,213.89
314.4,112.34,152.56,39.78,48.41,4.16,184.88
69.86,30.25,59.85,35.29,21.83,6.7,0.0
368.92,137.62,217.66,41.43,25.08,2.27,243.41
115.18,48.26,71.0,39.13,75.82,6.43,58.63
43.84,18.29,38.03,20.11,16.97,0.33,32.93
235.3,122.94,157.65,32.13,19.18,8.19,115.71
167.24,74.66,122.93,19.81,87.37,8.56,87.47
337.02,172.12,279.68,38.42,71.32,0.22,226.69
329.05,139.08,186.95,23.14,15.34,4.23,205.71
147.34,48.17,78.04,22.03,39.96,3.84,67.48
382.57,169.95,266.27,39.25,76.07,7.61,233.17
137.64,57.7,88.56,36.78,48.41,4.96,63.78
220.57,86.0,137.82,40.93,52.5,5.58,100.71
124.71,61.72,85.8,12.13,51.7,1.98,68.71
376.34,147.45,233.48,17.79,31.17,0.88,255.06
90.9,38.6,54.81,19.63,72.71,6.29,28.86
46.62,19.74,34.78,23.58,23.24,5.66,0.0
190.99,87.77,129.4,25.14,55.58,7.52,78.42
397.18,204.36,318.62,19.33,28.6,7.63,238.4
359.92,140.36,199.89,35.29,18.72,5.75,219.99
306.98,158.4,276.79,17.14,26.46,4.94,166.48
359.59,180.09,267.16,32.29,84.55,8.24,235.38
360.58,199.75,343.64,37.26,29.09,7.25,217.74
221.98,126.28,191.55,29.32,37.27,7.97,116.28
146.89,55.9,78.71,21.33,26.05,8.96,38.12
315.64,139.88,188.12,16.01,73.84,3.75,196.98
274.81,99.6,156.49,14.3,50.64,6.51,143.04
168.25,89.18,129.21,33.81,90.49,6.25,77.52
64.95,21.5,32.78,25.01,68.15,1.73,23.45
306.31,126.1,202.53,11.48,57.51,5.8,182.65
127.11,72.21,93.81,41.48,67.53,3.97,49.86
376.62,142.67,190.31,31.48,18.23,4.17,225.09
119.16,54.05,80.07,37.01,91.05,1.79,74.43
75.42,40.1,76.02,24.02,91.51,6.75,12.21
337.51,122.96,173.11,40.57,37.09,6.34,201.32
86.72,36.83,56.61,16.38,65.26,4.88,19.46
96.33,58.69,105.52,15.92,31.15,1.58,50.51
251.77,89.76,164.38,38.49,58.8,5.1,134.26
353.59,163.86,260.98,38.53,76.66,1.08,236.37
102.68,29.15,44.35,25.97,90.19,3.19,53.78
144.82,76.27,125.87,14.03,42.14,3.48,83.11
317.64,126.06,186.89,19.77,70.48,7.97,172.93
389.58,209.51,329.52,34.13,72.31,3.86,258.97
215.27,116.66,183.53,37.07,32.69,5.47,112.6
83.24,35.02,58.25,21.12,65.32,7.9,15.32
35.16,11.36,12.37,11.96,67.43,3.95,0.0
114.97,56.49,102.03,31.3,76.13,7.98,36.08
78.77,34.84,51.57,33.66,95.0,1.4,67.59
280.73,120.07,187.66,23.57,18.22,3.41,167.63
75.08,34.26,43.67,28.66,31.18,1.03,55.08
217.34,85.47,152.33,41.6,26.61,5.14,127.52
286.88,154.24,202.5,17.84,27.35,8.62,160.28
245.01,104.4,143.63,28.34,51.34,5.98,134.37
103.92,51.28,95.75,29.55,85.28,5.71,47.2
327.53,149.9,241.89,27.57,50.9,2.65,207.87
294.7,152.51,267.86,37.81,68.48,8.39,156.27
303.42,113.31,140.47,29.36,45.12,4.35,148.76
78.49,33.0,57.69,26.25,40.57,2.55,45.2
75.79,40.18,70.1,13.94,81.74,8.89,11.11
373.2,206.39,264.26,32.5,67.44,3.92,244.71
177.1,71.61,109.14,14.23,43.07,3.47,95.99
141.35,58.44,93.75,10.85,88.13,0.51,106.55
210.78,87.96,145.39,25.63,54.88,1.77,117.82
275.26,124.34,183.08,28.32,30.06,7.32,130.9
383.58,145.0,185.2,41.97,53.66,4.45,197.94
135.99,73.78,114.82,32.79,68.98,8.6,43.23
372.18,148.76,218.81,37.15,44.37,0.94,233.35
39.2,13.98,13.2,21.08,82.5,5.62,0.0
235.42,82.51,136.63,26.29,57.65,6.54,118.29
264.57,101.56,134.52,41.18,52.42,5.67,134.6
69.18,34.27,66.02,23.36,83.7,4.86,13.62
81.93,29.18,46.77,35.83,52.03,5.29,47.36
185.07,90.56,139.03,26.83,48.15,6.27,89.91
387.51,142.18,187.78,17.17,23.3,7.8,193.74
250.54,152.55,272.01,28.57,44.0,3.16,159.5
375.22,188.92,330.77,16.98,46.76,4.24,237.28
327.61,170.18,269.7,10.1,29.45,5.8,193.46
202.93,83.66,150.08,17.55,62.03,2.97,132.9
320.36,123.44,170.73,16.18,26.51,1.77,198.65
36.6,15.98,22.79,21.87,32.9,8.7,0.0
70.38,42.17,68.28,38.44,59.89,1.91,35.38
336.89,137.33,238.01,22.41,36.52,2.25,218.09
324.82,108.96,190.98,37.05,66.17,5.64,188.54
116.08,47.21,98.99,27.78,70.24,0.88,94.5
226.38,98.03,143.87,10.24,39.1,0.5,162.29
254.23,110.48,186.33,16.04,21.99,0.76,165.87
351.06,132.51,215.89,39.8,54.16,1.28,224.63
253.15,98.44,170.38,29.33,22.43,3.98,120.68
182.65,84.03,120.57,39.75,56.22,7.5,76.97
168.45,73.84,117.81,19.92,73.1,3.21,113.98
187.58,85.3,125.31,32.93,64.63,3.96,112.43
271.21,129.15,208.36,34.7,50.86,5.48,153.53
350.97,179.3,260.43,41.22,90.67,2.86,251.21
197.94,77.62,100.59,10.58,23.14,4.01,101.69
121.7,50.26,82.6,40.47,85.4,3.6,61.15
117.57,66.53,95.32,22.53,79.01,3.21,67.29
306.03,132.33,213.76,36.82,48.58,3.62,174.47
332.13,175.55,296.05,27.43,27.23,0.3,240.09
68.95,36.6,59.79,28.07,27.47,8.0,3.69
54.63,14.07,19.54,21.5,88.74,8.8,0.0
249.94,103.81,147.42,36.51,33.7,7.79,115.42
84.08,40.7,61.24,18.45,84.93,0.25,63.78
335.13,185.95,319.43,25.75,55.26,6.81,178.33
144.82,69.27,101.39,27.93,51.94,5.24,71.47
83.23,33.71,57.51,33.76,64.56,1.03,50.83
370.76,171.81,274.18,25.09,32.2,8.41,192.9
91.25,30.52,43.52,31.77,49.27,7.03,15.45
135.35,62.36,96.74,25.53,90.08,1.48,89.05
86.84,36.66,67.5,31.1,34.06,8.68,24.87
72.73,38.03,48.67,31.57,88.73,1.31,39.61
37.82,21.5,40.44,32.7,94.54,4.2,13.78
50.5,13.53,30.71,36.35,19.15,1.6,12.06
94.62,40.78,77.53,27.3,57.51,1.52,50.43
49.75,30.94,36.42,16.18,28.75,8.72,0.0
248.72,129.36,200.28,31.75,64.74,5.23,140.7
281.86,140.56,194.0,12.47,94.16,2.48,186.62
175.64,74.53,118.08,17.01,86.75,7.03,87.54
147.66,67.96,100.33,35.35,88.99,7.9,56.09
216.67,87.13,135.99,23.92,32.07,8.27,103.67
353.75,186.68,271.2,25.94,58.39,8.41,193.46
344.92,163.61,240.04,41.6,33.79,8.17,185.86
46.09,16.37,34.52,17.53,86.95,5.82,7.59
97.15,48.27,78.67,10.63,30.29,3.21,50.74
117.6,54.15,95.18,13.56,27.32,8.34,37.74
122.27,64.12,111.83,17.82,15.97,1.28,82.43
241.36,97.22,153.28,33.23,29.56,1.69,155.7
184.02,62.83,98.93,34.83,30.18,4.02,92.18
48.22,31.83,54.58,28.1,21.2,2.7,9.35
168.24,80.38,100.26,18.16,84.42,5.62,73.62
223.79,88.68,145.97,26.7,77.4,8.17,91.82
67.62,19.42,33.42,10.48,35.36,4.52,33.61
338.38,174.01,303.06,31.82,77.66,5.07,194.91
49.23,25.79,48.44,29.66,48.77,3.92,23.7
372.19,171.67,267.02,10.7,77.04,6.43,215.72
66.67,17.49,28.36,36.14,40.84,1.09,47.19
342.12,142.91,229.96,34.43,60.17,0.63,204.51
363.98,140.87,244.49,19.86,45.53,5.84,205.91
392.44,201.48,343.94,30.33,30.01,4.91,262.12
326.75,115.9,182.14,29.25,61.85,3.78,197.91
318.41,111.8,175.69,14.58,75.07,3.14,193.5
267.72,137.2,229.81,16.18,75.25,0.66,173.14
318.23,177.38,298.18,31.86,43.5,6.19,178.11
79.78,38.28,64.65,39.87,56.5,3.91,45.88
228.35,101.63,152.55,28.44,76.1,4.12,134.37
220.26,100.01,139.09,28.17,19.36,8.06,99.57
347.3,154.62,252.33,30.69,20.75,6.69,199.61
201.24,82.83,112.03,24.1,45.1,2.13,107.37
172.48,77.77,143.4,11.73,32.88,5.98,87.61
266.64,123.21,208.97,22.69,44.97,1.36,171.56
128.59,66.44,110.67,38.81,22.5,1.91,82.14
81.71,45.66,67.06,35.76,62.36,6.48,13.14
206.81,122.14,188.75,39.68,68.74,1.31,125.48
184.25,65.46,91.22,14.89,78.35,2.67,107.1
116.05,57.66,75.39,26.19,67.04,8.1,37.05
165.98,66.8,110.38,28.71,46.71,6.7,75.0
165.57,85.96,121.43,16.72,89.79,8.38,72.92
151.17,55.64,81.76,16.43,73.11,7.96,68.07
170.4,62.14,86.36,35.03,57.21,2.95,91.07
283.73,144.76,232.12,31.5,31.55,5.76,164.63
139.84,64.81,97.1,30.71,66.92,3.53,69.38
381.08,213.19,365.61,18.54,62.34,6.33,246.04
369.05,128.23,168.73,26.22,69.67,3.27,220.71
207.94,80.09,141.53,10.74,77.49,0.21,140.28
151.49,71.05,132.07,14.16,88.2,1.03,92.82
228.11,87.02,127.36,26.58,90.92,6.98,127.12
343.97,133.66,174.51,19.91,65.41,0.94,211.86
271.46,155.58,228.63,40.9,92.28,5.47,169.09
327.62,134.51,238.12,25.09,87.91,7.75,206.84
227.11,91.48,131.26,12.67,15.21,6.72,118.13
264.18,123.79,179.87,10.57,66.01,3.84,173.14
136.62,62.55,117.46,33.21,29.28,2.04,77.5
301.91,140.32,235.04,15.49,38.62,8.32,169.05
104.89,47.82,83.2,16.01,38.8,5.18,41.51
287.08,148.1,249.9,23.56,53.65,3.77,183.65
348.47,127.38,181.44,18.45,15.87,8.49,196.36
78.88,29.12,64.29,29.73,33.86,2.09,38.2
257.32,121.8,179.62,25.54,17.33,4.09,151.6
65.19,35.24,43.61,13.57,67.04,1.16,29.1
298.51,126.41,234.88,35.11,86.14,1.3,213.38
61.26,29.47,36.24,23.63,94.82,3.71,21.53
376.3,139.41,192.07,29.55,50.88,6.36,217.25
80.84,27.91,34.68,10.13,35.81,3.18,16.18
384.79,147.32,206.74,30.04,83.25,6.27,228.21
326.33,160.38,219.6,19.05,24.05,7.29,173.15
249.66,99.6,162.36,25.82,92.94,7.92,134.64
319.57,160.52,255.97,19.53,72.19,0.59,227.18
324.19,108.59,188.21,41.88,55.31,7.01,164.13
380.03,194.62,261.58,17.39,22.73,1.49,248.92
123.75,68.9,118.99,39.21,16.46,6.34,42.54
248.33,82.64,138.25,39.37,58.56,3.47,148.97
65.17,28.71,30.64,23.47,48.11,6.43,0.0
257.98,100.75,142.05,19.73,82.41,2.08,162.63
93.38,46.78,53.54,22.19,66.38,5.88,31.39
239.03,96.34,160.67,41.66,49.55,1.3,168.69
241.8,116.74,163.13,29.8,33.08,1.69,154.93
202.41,85.77,141.34,27.43,53.43,5.61,100.85
223.37,118.06,215.01,11.15,28.04,3.16,143.67
312.65,136.64,183.86,37.13,68.36,6.39,149.91
325.72,144.23,223.99,12.68,63.46,6.23,171.58
212.1,112.19,161.0,11.5,79.81,5.67,118.2
251.85,97.42,118.73,18.8,50.96,6.63,116.91
374.56,199.11,325.57,25.23,37.29,7.19,206.05
74.3,25.85,45.91,38.65,81.91,8.22,16.13
73.33,26.31,50.87,35.28,70.28,0.91,54.0
62.45,27.52,33.09,16.32,71.54,5.23,19.48
273.41,134.04,179.86,21.91,57.25,6.79,138.99
184.89,99.27,144.14,34.97,85.08,2.11,125.69
316.5,129.41,195.57,26.87,33.22,2.52,201.11
278.36,118.79,213.83,15.58,47.14,2.55,172.21
153.45,68.79,109.82,22.67,78.7,5.24,85.62
362.4,163.43,244.96,30.03,25.64,3.42,217.38
312.14,136.21,202.17,41.14,79.65,6.06,182.91
130.1,49.25,75.13,31.18,43.21,5.57,63.71
164.75,74.77,127.31,10.52,25.04,5.98,89.71
146.34,45.87,65.08,32.56,21.33,2.42,91.98
88.32,41.35,53.44,18.03,82.44,6.95,28.72
84.68,29.86,42.51,37.59,77.29,6.04,26.93
376.37,195.32,293.12,22.28,38.04,1.35,250.1
192.02,98.79,150.18,16.39,24.31,1.96,104.1
171.83,61.17,81.32,24.97,34.78,2.85,80.46
299.98,143.22,212.22,18.17,32.04,8.44,153.27
234.61,121.23,186.23,17.55,73.64,3.07,152.47
376.37,151.68,208.74,28.34,32.25,0.37,260.42
318.71,118.94,210.72,34.56,32.29,1.45,216.57
207.37,65.07,94.65,36.72,17.58,0.48,122.57
169.25,56.51,76.45,22.73,62.75,3.74,94.16
395.05,204.9,321.5,12.14,70.12,7.21,236.89
295.57,162.18,248.09,25.49,67.28,4.16,191.06
381.94,139.36,241.92,23.88,60.49,7.58,215.31
73.84,35.58,53.19,16.3,92.29,0.62,67.45
344.7,122.3,191.05,38.68,52.82,4.33,194.2
265.72,132.86,224.13,41.17,83.81,7.13,161.63
75.11,36.71,73.57,11.66,66.68,6.14,0.0
247.66,102.25,175.98,35.46,21.73,7.7,134.12
283.86,105.45,143.63,30.66,79.81,2.61,176.96
34.55,12.59,16.0,18.37,61.75,4.61,0.0
198.1,105.63,169.56,30.32,67.28,6.16,82.75
335.4,134.72,217.2,14.12,29.42,1.68,210.24
139.28,54.03,87.09,12.22,50.0,7.38,61.83
199.66,76.13,129.16,41.79,85.45,2.94,118.95
193.66,99.74,148.98,30.36,32.23,1.02,135.89
141.71,68.19,92.42,18.1,15.01,6.94,55.2
369.82,176.15,273.77,24.4,35.6,6.4,226.67
319.08,161.37,234.04,40.4,54.0,7.98,174.82
70.92,37.67,49.11,24.04,80.7,8.05,0.0
398.9,204.12,343.59,38.81,66.46,2.65,265.6
355.3,143.16,219.53,37.8,88.53,5.84,225.6
135.05,62.14,104.3,21.01,51.45,8.99,44.01
339.65,138.82,216.18,32.27,46.27,2.35,211.85
69.38,31.92,54.95,31.14,33.51,4.36,44.28
399.67,211.67,309.68,34.68,32.44,8.21,241.77
276.3,129.65,207.0,21.71,73.89,1.11,199.57
270.55,162.54,266.69,11.67,21.43,8.37,150.15
63.46,23.92,39.62,15.47,34.42,4.5,22.39
361.9,166.07,265.9,29.73,85.87,8.06,215.16
40.73,10.75,22.24,34.8,61.15,5.67,0.0
119.11,44.83,85.89,34.19,18.73,6.11,47.26
82.92,28.28,52.08,28.68,71.34,7.0,18.91
317.4,142.37,262.04,12.71,55.53,0.79,209.77
103.34,42.79,71.7,10.55,83.36,5.72,41.4
366.94,199.15,290.93,35.03,69.59,8.33,192.33
272.82,105.09,166.0,27.58,15.36,8.61,111.02
43.38,8.04,20.14,35.05,31.46,8.72,0.0
32.01,25.29,43.31,15.21,35.64,5.88,0.0
49.11,12.18,19.76,23.04,71.18,5.77,0.0
254.19,142.38,186.61,39.41,55.75,5.06,141.82
326.55,166.79,279.75,15.49,74.8,5.55,213.33
118.26,45.9,67.96,11.97,56.03,5.59,41.73
344.28,163.86,239.04,30.91,41.19,0.57,244.46
51.18,25.13,43.77,29.03,23.29,0.98,40.46
326.36,161.3,262.73,40.46,31.21,5.65,179.86
373.28,192.63,301.32,39.01,47.06,2.97,242.1
315.68,154.59,262.9,33.98,59.12,2.85,198.88
288.3,124.51,211.37,10.61,90.09,1.9,178.96
340.05,146.56,260.36,25.37,34.18,7.25,174.41
44.86,21.55,50.11,38.68,68.29,8.69,0.0
104.66,54.24,74.07,23.88,27.2,5.72,31.61
76.22,32.83,54.93,40.79,72.1,8.52,11.5
216.68,106.42,144.29,30.88,15.91,7.98,110.69
305.72,129.26,225.1,13.5,67.47,2.12,200.22
263.1,120.6,171.93,26.3,28.06,1.55,176.47
344.92,191.58,310.6,32.26,29.43,2.06,231.36
87.43,36.0,57.97,12.09,59.71,1.05,58.45
301.81,116.85,157.77,21.03,45.03,5.33,164.26
101.43,40.7,79.06,32.95,52.7,2.69,48.47
130.18,58.54,71.67,15.03,39.71,8.23,56.4
292.66,128.57,200.08,21.15,91.28,5.6,149.36
392.68,136.15,211.65,32.08,38.25,3.36,216.52
256.27,106.66,147.44,34.82,58.36,8.86,120.86
50.17,27.63,48.17,26.59,83.35,8.59,0.0
258.03,118.7,197.3,40.62,68.13,7.05,120.8
45.67,19.75,33.93,39.61,40.82,7.17,0.0
357.13,186.21,291.95,25.15,59.19,8.8,188.59
292.54,141.69,246.43,15.13,21.64,5.48,180.35
94.06,49.48,73.09,34.73,58.65,7.94,30.19
63.94,28.52,38.63,17.78,49.51,0.77,54.69
97.91,41.81,81.48,36.97,75.63,5.08,29.11
392.61,174.08,223.91,28.79,82.83,4.62,228.8
199.67,78.77,120.73,22.61,30.97,0.53,114.95
320.11,131.77,212.84,27.8,21.52,0.97,222.08
265.47,120.02,207.06,27.05,46.24,0.39,184.47
241.79,126.16,153.9,39.59,57.73,2.79,149.84
83.7,44.34,77.74,16.86,45.14,0.67,57.95
380.03,132.11,225.65,39.7,65.28,3.92,225.03
141.5,63.34,92.65,11.0,55.45,7.35,40.34
243.87,90.49,137.72,34.61,89.93,5.6,139.62
288.92,152.39,239.02,39.43,47.75,6.13,164.64
270.22,143.67,238.95,22.61,21.6,0.48,176.81
378.02,166.16,228.99,12.34,39.15,7.59,213.66
84.92,32.2,51.1,35.75,63.47,1.49,42.96
218.09,90.44,159.64,36.97,35.48,2.86,132.98
179.49,76.48,118.49,20.76,36.52,4.75,91.12
205.44,100.79,127.06,26.59,42.17,8.38,98.16
74.11,46.38,72.31,35.9,74.69,8.98,10.53
79.62,37.7,45.96,16.15,90.21,7.09,10.22
132.89,58.67,123.56,30.13,43.03,6.62,56.52
142.74,47.94,87.48,23.78,30.64,4.84,68.06
188.32,74.91,111.43,15.58,48.65,6.06,93.61
256.07,97.61,162.12,36.61,43.15,1.47,171.6
264.81,111.04,148.32,20.39,94.2,2.57,162.08
182.37,101.32,154.93,39.9,52.11,8.86,82.94
181.25,73.6,131.44,28.21,69.34,8.82,52.39
110.52,51.86,73.26,26.46,88.1,3.04,63.71
247.67,92.84,135.06,23.55,65.32,2.32,145.63
147.31,67.93,112.58,22.82,34.95,2.22,102.5
43.34,16.86,23.12,36.17,63.59,4.47,0.08
184.81,74.24,91.27,31.68,47.15,2.17,114.06
205.43,97.83,151.21,34.76,48.79,5.91,88.21
113.47,59.18,77.33,23.47,93.35,0.86,77.58
241.81,90.32,158.53,18.37,37.29,1.11,145.67
239.34,110.58,180.26,12.78,52.51,2.64,173.38
289.74,151.92,218.52,34.85,27.79,7.04,152.9
269.74,109.77,186.61,23.29,29.28,3.04,164.08
271.4,97.51,140.61,26.3,63.28,4.34,151.76
147.0,76.27,110.92,25.02,75.08,5.98,58.51
321.35,165.84,283.05,23.8,65.92,7.14,179.0
233.18,113.7,156.54,31.88,41.34,2.9,146.03
189.62,86.9,127.14,29.48,19.77,6.63,89.83
261.62,109.0,174.97,41.11,52.62,2.72,136.68
163.44,81.33,98.01,14.44,55.34,5.87,70.02
219.71,100.03,155.76,28.35,76.65,4.17,143.07
302.58,107.68,167.3,12.02,66.22,8.35,153.38
357.97,165.7,301.66,35.85,84.7,8.84,216.01
370.79,207.41,278.51,29.72,77.64,7.01,216.18
216.34,110.92,146.48,23.71,44.27,8.26,112.08
222.5,93.94,137.63,35.67,65.58,1.4,140.0
325.95,113.8,203.52,24.56,74.78,5.96,202.83
146.35,77.92,102.81,17.29,91.55,1.95,97.79
339.83,178.3,311.73,25.12,48.79,2.64,205.41
212.83,103.33,146.1,12.27,66.86,4.8,125.39
72.87,36.42,51.04,38.73,46.41,6.73,5.32
56.66,26.91,35.52,33.39,74.03,6.55,3.34
341.54,155.0,213.0,34.33,87.96,7.85,176.63
50.56,24.69,35.93,37.98,88.54,5.12,28.24
133.83,53.26,84.51,35.33,27.57,8.35,33.88
153.63,53.81,84.76,23.82,31.33,8.01,67.87
94.01,45.15,72.71,13.8,75.39,7.67,22.68
146.14,50.39,89.22,21.95,65.48,2.22,73.37
304.8,124.14,198.3,39.89,87.41,4.88,196.04
35.43,17.14,37.34,40.37,40.1,6.68,0.0
336.05,125.13,192.08,34.57,82.84,8.79,175.51
346.92,131.8,202.67,16.54,69.7,0.3,214.19
167.74,70.14,114.02,16.22,30.64,3.08,89.99
86.84,36.52,73.94,38.15,25.12,3.21,44.9
252.31,111.63,153.61,14.54,71.22,2.74,147.91
74.28,42.19,67.26,28.69,27.68,7.39,3.49
165.02,64.63,110.01,22.1,78.55,0.6,110.57
384.62,214.42,353.69,19.66,59.57,3.36,256.02
398.32,215.55,382.93,31.68,53.15,6.46,261.89
315.68,160.72,288.72,40.71,37.04,3.78,198.04
145.06,73.17,126.63,34.88,93.71,1.47,94.44
284.44,127.84,217.19,25.56,72.77,5.58,197.17
291.0,134.24,228.39,24.1,77.25,4.8,175.62
173.5,86.35,130.57,39.05,76.5,8.84,73.18
267.13,83.58,125.8,28.5,61.72,6.79,126.48
33.97,18.21,20.1,25.89,90.18,8.88,0.0
107.35,45.04,56.83,31.85,61.71,1.84,60.65
224.28,114.06,194.14,17.59,56.6,6.9,125.73
90.59,33.15,61.29,12.04,36.9,5.05,34.03
91.39,34.33,50.36,37.36,37.54,6.47,31.9
339.43,153.5,213.68,29.43,73.95,4.31,221.5
395.98,185.76,309.84,15.28,41.78,2.07,263.21
235.71,103.13,147.34,19.54,73.3,0.6,166.52
340.46,138.45,241.76,41.68,91.22,7.58,203.4
396.42,157.32,279.31,30.3,50.14,7.37,211.43
82.39,30.81,54.7,30.36,22.79,1.63,70.06
195.85,85.28,118.14,12.31,68.32,5.88,90.75
175.25,98.28,145.96,41.01,15.76,6.69,80.61
59.62,35.27,48.94,38.57,77.96,5.11,7.72
309.47,124.99,193.07,27.53,57.05,2.99,176.56
190.5,76.54,101.04,19.9,54.18,7.95,87.37
203.65,90.53,109.56,32.34,60.56,5.85,123.03
85.75,39.64,64.98,36.67,56.31,6.54,14.06
96.94,48.32,65.98,35.16,40.9,5.94,34.35
365.63,197.17,334.82,41.27,37.52,6.55,223.72
46.52,24.37,38.49,30.38,48.22,1.48,33.85
116.16,53.66,86.81,20.28,86.59,8.32,60.02
138.06,53.94,68.77,25.93,25.83,2.72,89.13
211.37,87.77,124.1,36.12,40.98,7.56,92.83
246.98,109.29,140.2,18.49,30.38,8.06,121.77
212.52,74.12,130.36,17.41,49.17,5.93,110.43
61.12,41.08,57.25,33.19,25.68,5.47,11.94
120.16,54.27,92.56,24.22,75.86,1.16,72.64
342.13,172.33,237.03,36.13,23.28,4.04,203.13
265.91,116.79,211.67,14.6,68.22,5.58,160.8
270.19,136.13,182.51,20.74,36.42,0.92,192.44
277.98,123.74,188.21,18.58,52.78,1.18,179.23
312.27,108.48,196.76,32.33,31.0,8.94,154.69
51.5,21.62,30.32,34.3,73.42,3.12,35.53
165.65,80.96,120.31,24.59,90.86,3.28,85.37
229.63,123.51,210.86,25.3,32.74,2.41,144.85
155.23,58.61,85.2,14.23,91.25,5.88,94.7
342.46,160.0,222.01,32.46,41.02,4.36,209.15
208.55,105.4,169.18,41.75,59.63,7.16,91.51
314.39,161.81,212.01,34.89,71.13,4.71,197.18
345.25,160.64,283.62,17.14,30.94,0.34,247.71
216.77,103.89,162.79,29.94,50.58,4.45,97.31
366.53,179.66,284.54,19.44,20.43,0.69,251.8
247.24,125.8,178.7,10.97,70.76,7.48,130.35
344.6,137.51,233.69,15.75,48.33,1.2,207.57
156.02,78.25,134.22,13.28,86.33,2.11,105.79
214.56,78.35,95.35,16.27,36.92,4.25,111.49
226.62,115.62,209.04,35.46,88.89,1.92,157.05
68.84,33.95,53.26,19.37,26.28,4.95,14.6
177.46,64.5,101.52,34.23,63.56,4.25,80.68
369.41,125.91,190.92,40.36,39.62,8.58,173.21
263.41,110.8,162.51,28.38,29.54,0.98,163.35
95.68,41.5,70.64,25.53,22.51,5.28,42.15
155.38,52.67,95.06,34.0,67.45,6.54,65.01
100.89,42.02,68.88,13.11,33.65,1.32,59.36
39.18,6.11,19.18,23.7,60.83,5.8,0.0
373.16,189.1,329.02,25.96,93.35,7.81,220.64
195.84,101.02,131.12,36.59,40.28,7.13,99.25
143.79,61.65,106.68,36.05,17.8,8.43,52.4
251.44,99.69,169.43,37.14,26.43,6.54,124.47
32.71,6.84,5.16,32.33,24.55,3.67,0.0
132.87,74.76,91.64,26.98,52.06,8.3,35.99
290.12,103.19,139.51,36.49,74.57,2.18,177.68
264.49,122.1,212.47,37.95,38.72,5.34,141.82
393.27,215.52,316.37,25.38,26.67,6.94,231.34
259.53,135.14,226.27,41.54,66.26,7.88,144.29
206.68,84.75,147.56,37.99,39.09,8.27,89.7
311.73,153.74,242.4,26.34,61.01,0.95,220.54
364.23,159.44,252.22,12.22,89.7,6.59,200.32
296.66,147.69,226.19,17.18,38.31,2.0,190.64
386.39,144.04,215.56,34.84,56.0,7.06,191.79
319.34,117.23,176.81,13.56,79.54,6.37,174.67
350.72,166.29,293.88,25.03,70.34,1.8,231.05
72.22,33.41,62.31,29.36,75.12,7.53,25.98
300.99,149.49,230.89,38.11,76.81,4.26,195.26
192.83,80.24,111.34,37.11,58.19,4.99,108.35
234.65,122.29,203.66,34.46,57.88,8.75,108.95
272.02,131.08,179.43,23.05,72.51,5.98,147.35
388.83,169.14,296.21,14.55,70.81,5.38,231.1
394.29,200.54,289.53,31.43,68.6,0.35,273.57
136.64,54.55,86.33,15.8,45.57,1.95,97.49
301.49,135.7,233.49,27.96,81.28,0.43,216.71
307.49,124.96,204.28,41.38,33.9,3.13,183.7
158.2,76.67,108.69,27.61,27.46,3.23,87.02
75.83,37.84,52.12,30.66,42.61,4.87,22.56
45.15,24.89,38.56,31.68,35.31,6.27,14.68
317.62,163.39,254.95,36.57,68.05,1.78,223.81
211.19,121.6,178.8,23.92,33.48,5.49,120.12
394.65,160.69,244.1,25.92,67.52,8.27,214.61
202.04,109.82,178.46,15.63,56.06,1.83,135.68
391.83,190.88,262.0,29.67,27.2,6.0,236.66
182.28,71.71,110.39,19.46,35.67,0.6,113.21
323.66,149.52,270.16,26.24,56.74,4.87,187.07
61.38,27.52,36.95,34.53,73.65,6.73,19.18
235.52,91.45,150.02,10.56,46.86,0.5,153.98
326.76,131.64,213.67,28.05,33.63,3.14,209.37
372.14,130.85,225.38,15.55,38.61,7.93,213.49
334.36,153.68,240.06,18.94,22.61,2.18,220.65
43.68,28.33,33.97,11.11,17.01,6.56,0.0
167.9,81.29,116.93,15.42,92.85,5.59,121.54
48.02,12.55,34.95,41.57,22.71,1.64,23.67
70.43,25.86,49.46,41.95,24.99,6.73,0.0
279.86,126.77,226.45,33.04,84.68,4.88,169.21
293.91,115.27,178.71,29.58,68.08,1.19,203.43
316.28,149.28,227.6,34.86,49.89,8.55,152.56
350.22,142.69,225.55,38.69,66.92,4.53,199.62
303.59,150.45,216.08,26.62,89.8,6.76,187.51
326.32,159.72,290.8,11.13,22.95,2.12,214.2
48.12,27.35,53.18,32.7,34.5,1.41,25.81
116.78,57.64,88.36,41.51,83.82,6.72,59.22
260.1,102.73,149.59,18.26,77.45,6.13,135.98
347.51,184.69,265.74,24.83,94.54,2.61,220.39
31.67,24.61,21.92,21.56,40.11,6.77,0.0
220.41,120.47,191.08,22.49,90.59,4.64,142.45
280.6,137.3,217.11,33.08,42.5,3.27,177.45
40.95,23.58,31.08,22.11,72.21,7.12,0.0
178.5,101.89,152.44,40.11,85.62,5.63,89.82
361.38,150.57,269.16,35.27,28.66,4.66,214.88
278.5,146.03,196.23,10.88,31.45,7.0,161.88
117.93,55.17,74.98,36.19,61.48,4.99,41.56
345.53,153.82,235.02,34.73,82.51,8.46,184.88
158.77,83.87,113.45,26.53,21.32,7.4,53.82
345.74,150.79,231.17,25.9,83.07,3.35,217.79
140.61,65.71,112.74,36.74,42.45,4.29,74.97
248.42,76.84,90.72,23.59,47.5,8.62,125.73
176.87,70.78,81.61,15.1,42.19,8.08,68.95
131.69,71.44,123.49,20.01,87.92,1.88,90.43
358.03,155.93,227.76,18.49,25.46,2.61,233.75
99.41,42.12,71.26,31.79,60.94,3.41,53.93
61.38,32.71,48.47,15.72,26.85,7.94,0.0
156.51,71.73,115.99,30.63,89.29,8.36,88.13
295.53,153.25,255.86,24.91,78.83,7.26,172.75
328.75,179.14,304.64,36.87,33.71,2.63,221.71
399.54,147.25,249.87,25.52,38.82,8.01,221.8
139.65,60.44,89.57,39.75,45.52,0.49,94.46
180.94,68.05,101.43,38.82,47.43,3.92,110.58
80.62,35.74,73.04,15.93,80.39,3.52,37.24
242.7,110.46,165.15,31.96,60.16,4.91,143.29
399.1,169.74,236.09,16.87,49.24,5.13,237.06
289.33,132.58,205.62,36.35,72.56,2.18,202.25
250.23,117.45,181.41,30.34,51.63,2.0,157.42
175.18,85.3,114.69,19.41,25.26,7.27,72.33
368.66,162.37,234.96,17.97,23.6,0.87,250.36
213.86,112.17,188.79,23.75,41.08,4.54,127.77
79.72,42.32,62.63,35.62,63.23,1.89,36.31
165.19,76.6,133.07,35.48,25.79,3.01,109.7
54.85,19.45,46.79,11.07,59.01,2.64,28.78
104.73,52.25,99.92,19.67,36.57,6.43,35.08
36.54,18.15,33.25,23.53,70.63,4.21,3.85
197.71,99.97,141.72,28.74,17.26,2.84,123.12
264.78,108.98,187.96,14.78,52.52,7.52,140.4
157.02,76.71,98.2,20.73,19.18,0.95,85.03
185.54,77.59,131.6,38.34,41.44,6.94,87.62
384.91,190.75,335.45,25.25,16.25,2.39,262.72
308.23,121.81,172.4,33.81,52.53,8.28,130.12
230.12,105.72,165.2,25.51,76.36,0.25,165.76
135.28,78.92,134.33,24.88,23.02,5.1,74.69
361.89,163.71,218.56,29.9,73.82,5.68,223.02
116.99,65.15,99.55,18.3,61.74,5.28,59.42
150.38,82.54,112.87,17.99,55.37,7.37,57.74
366.35,192.05,261.09,41.66,62.96,1.19,236.28
225.93,89.36,141.01,37.81,41.87,3.86,109.22
304.66,155.99,251.35,33.61,71.83,7.8,185.7
248.58,89.55,147.67,14.39,77.37,8.02,130.34
271.77,111.21,174.77,10.97,77.26,4.59,174.06
140.77,80.27,102.21,15.61,36.56,5.11,60.75
119.31,52.49,82.67,40.01,67.31,6.92,47.44
149.32,66.01,110.44,36.12,26.85,7.06,44.58
87.51,37.91,62.58,26.74,54.63,8.02,2.66
353.5,191.11,298.4,41.0,15.21,7.63,205.45
134.8,64.2,94.9,14.69,30.49,3.85,75.86
237.75,102.16,170.0,27.89,65.54,5.92,142.67
323.03,167.97,294.39,15.86,84.95,4.45,208.24
320.01,135.02,193.78,19.81,18.92,1.24,197.62
192.2,59.76,77.79,40.08,59.68,7.43,67.92
206.22,93.67,124.83,37.78,65.94,5.5,98.85
398.04,230.35,367.78,13.26,89.59,0.71,312.52
279.6,114.64,193.45,17.99,67.41,6.16,159.02
331.42,127.01,202.44,29.02,23.24,2.69,214.53
363.94,137.33,191.79,11.96,26.74,0.81,230.78
321.41,168.15,276.28,27.6,65.86,5.54,193.62
98.52,43.17,58.34,28.7,32.25,6.64,33.04
238.0,116.45,171.0,19.31,89.26,4.75,138.19
67.7,39.05,51.87,19.38,88.65,0.25,51.35
271.58,93.01,142.5,17.33,90.89,5.28,145.74
383.48,180.83,252.17,39.94,38.44,0.26,254.71
219.71,95.92,152.91,22.44,72.36,8.35,107.37
190.2,92.12,154.27,28.73,68.04,2.55,108.78
43.26,9.42,30.23,19.65,17.85,7.86,0.0
385.12,158.57,232.64,32.49,36.25,0.31,257.54
68.11,21.64,34.69,13.25,31.54,1.06,35.7
45.2,16.63,16.99,12.29,44.66,4.17,0.0
121.04,62.93,89.5,33.82,91.24,6.88,51.86
54.25,14.47,20.47,33.25,82.65,8.49,0.0
198.39,69.33,125.02,18.48,38.47,4.79,102.52
220.95,111.57,171.08,21.36,57.4,3.33,144.67
145.65,48.7,66.94,40.63,30.38,0.59,77.36
48.86,16.99,32.97,13.34,37.19,5.34,22.1
71.29,40.46,35.88,15.86,20.2,3.54,26.52
172.27,68.74,105.86,23.76,66.41,8.2,69.5
52.4,25.59,33.14,19.03,67.55,4.42,1.56
288.33,127.35,195.03,30.77,82.08,6.94,173.04
106.6,40.97,66.37,32.1,84.72,7.66,31.51
141.77,60.46,100.38,26.84,27.8,1.06,85.74
175.83,86.1,146.96,29.56,74.44,4.08,100.61
184.15,81.81,121.87,23.87,25.78,8.06,73.45
30.61,12.14,22.08,34.33,44.9,3.94,1.22
71.47,35.9,60.69,11.35,56.24,5.17,20.84
349.22,129.73,204.11,20.01,18.96,7.88,182.2
30.46,20.28,35.98,31.9,27.54,2.25,2.44
218.02,94.16,155.18,20.55,36.69,8.07,91.88
211.12,104.7,172.11,12.51,25.2,3.69,120.54
153.24,60.69,84.18,21.04,89.73,5.42,81.05
189.59,73.02,124.5,32.77,38.07,3.09,114.53
318.82,138.94,182.78,13.9,55.09,4.84,191.58
341.25,122.04,197.93,33.19,94.72,0.63,227.99
126.33,46.8,65.67,34.81,60.33,0.77,81.6
149.32,69.16,104.2,30.33,47.92,3.85,77.1
119.72,53.84,72.61,17.82,89.38,3.15,52.15
207.55,74.2,146.8,35.77,32.8,5.62,102.62
282.81,151.71,251.82,16.86,29.36,0.53,194.01
114.45,54.84,81.72,38.99,57.83,1.68,58.09
152.37,92.44,161.11,32.61,49.18,2.04,94.23
374.24,187.69,284.59,11.75,78.76,4.08,244.49
47.97,29.78,47.82,35.58,18.36,2.37,9.59
200.48,95.2,130.69,26.21,64.42,1.41,120.73
293.28,150.2,188.49,24.48,71.85,5.46,191.52
85.67,41.8,61.86,23.46,92.75,6.75,10.45
47.53,4.79,6.62,29.41,26.66,6.23,0.0
81.14,31.29,56.84,33.19,34.7,2.63,26.99
369.96,137.64,202.64,38.67,89.6,7.72,196.53
33.43,18.77,28.86,18.73,65.45,5.58,0.0
99.68,45.14,69.5,30.18,18.04,5.61,24.32
41.57,26.77,27.64,31.96,21.19,2.07,22.67
70.93,38.67,75.15,31.59,77.84,2.33,59.1
259.46,146.23,233.64,25.78,60.4,4.38,167.81
119.41,40.96,62.95,22.51,60.23,2.29,73.97
240.61,117.21,179.6,34.4,85.39,6.26,122.75
248.37,139.08,194.33,19.6,34.29,2.92,155.03
344.29,124.37,198.85,16.66,27.83,1.54,221.37
31.75,12.79,32.16,27.47,64.1,1.53,21.78
345.75,142.43,180.24,18.56,85.59,1.32,245.36
259.07,121.04,217.85,11.06,36.22,4.07,166.52
90.22,37.31,54.84,11.65,69.5,0.23,67.75
315.99,120.59,203.48,32.24,27.19,4.97,206.69
346.53,123.16,192.25,41.14,28.75,2.83,210.38
124.08,45.35,78.28,24.55,87.12,5.06,56.83
369.95,134.16,193.69,14.71,24.44,8.43,192.21
198.15,100.16,173.07,36.18,16.95,7.85,83.35
253.27,107.91,168.94,18.37,77.0,5.27,147.73
394.32,156.42,229.9,41.86,44.0,3.88,220.49
163.77,76.27,96.61,28.02,46.73,6.35,66.84
330.87,160.65,245.26,17.44,78.99,8.32,185.05
147.81,69.48,128.47,25.87,29.39,4.51,85.73
325.71,178.48,309.32,20.73,67.03,1.07,238.42
252.27,107.27,176.06,34.94,40.08,6.94,119.4
110.05,62.31,116.32,13.39,23.34,0.29,99.35
183.19,66.91,107.51,37.42,70.0,6.93,80.38
147.53,77.43,111.64,34.55,40.49,0.95,99.52
58.9,29.81,46.91,37.56,84.33,1.14,26.08
41.04,12.25,28.17,38.64,88.52,7.08,0.0
158.2,75.05,106.13,17.35,82.92,6.27,88.71
37.04,21.23,22.15,26.67,40.79,5.14,0.0
91.23,41.25,48.23,37.2,33.93,7.42,17.26
298.32,147.06,262.41,22.08,86.42,7.69,173.87
291.99,145.45,252.45,11.93,51.24,4.23,165.34
303.27,162.66,229.13,19.33,71.62,8.97,165.05
147.35,68.84,118.99,17.74,81.17,3.35,104.08
359.31,132.3,204.43,37.84,37.21,1.71,236.47
249.72,114.36,153.69,24.84,24.53,7.64,121.21
76.63,34.19,52.56,31.87,64.99,3.86,44.5
83.18,28.77,42.26,40.79,62.22,7.9,0.0
286.45,116.17,174.9,19.57,36.62,0.74,176.57
93.99,54.82,82.0,34.36,61.78,1.18,78.87
217.7,88.54,99.23,10.73,78.23,0.55,152.4
396.96,150.3,209.81,13.33,43.0,5.5,223.88
31.48,12.74,26.47,15.18,34.39,7.52,0.0
36.13,19.73,23.21,20.0,73.0,3.74,2.4
397.44,180.5,264.25,22.9,77.87,1.0,274.23
246.32,83.65,136.85,25.26,91.34,3.49,149.39
76.96,27.12,40.7,17.85,26.81,3.26,30.68
362.0,165.37,269.84,12.12,86.14,5.86,209.42
355.74,145.85,201.78,31.68,76.21,5.94,210.71
228.39,112.84,182.34,10.76,71.15,1.11,155.02
260.06,112.02,175.6,35.9,40.04,3.9,142.4
131.08,64.79,83.49,39.73,16.78,5.85,66.87
48.69,21.47,31.39,32.73,55.6,2.48,39.66
249.99,119.82,171.17,29.07,37.86,3.78,167.61
139.06,49.39,74.63,31.02,38.19,5.6,63.51
275.54,147.66,209.89,30.87,89.17,3.75,175.46
339.41,196.58,310.27,39.81,27.24,0.47,240.55
36.72,7.08,20.46,40.86,89.74,2.16,22.2
250.41,109.0,159.38,23.65,55.3,7.03,122.04
115.57,45.52,92.84,29.75,82.06,2.39,85.62
353.34,177.18,241.83,35.69,37.69,7.4,177.95
123.86,66.09,77.51,10.03,65.71,4.31,56.2
255.98,105.02,166.28,26.86,59.53,4.36,153.35
234.81,103.13,151.61,30.89,88.93,6.98,115.93
176.58,76.79,135.36,32.95,29.34,3.57,96.98
280.72,144.09,247.27,21.8,31.37,2.3,190.41
298.53,144.79,255.13,19.46,90.92,1.12,225.31
239.77,114.37,171.73,15.83,22.84,6.11,114.87
310.62,148.15,208.58,27.85,65.77,4.34,172.14
393.86,160.42,263.85,39.42,19.85,7.32,211.04
185.13,82.32,138.01,38.67,21.16,4.23,85.85
220.4,73.0,126.95,21.52,62.77,3.85,105.83
34.61,12.31,15.33,18.25,59.11,2.83,0.0
324.53,132.95,186.69,35.24,60.84,1.95,215.84
222.49,101.7,131.98,33.2,52.89,7.51,101.33
180.95,73.46,90.07,26.17,74.39,1.04,120.73
64.81,27.92,28.32,22.45,94.38,8.14,0.0
359.17,160.79,283.57,13.96,37.06,0.44,250.9
176.15,78.77,112.57,35.12,40.88,4.8,108.81
282.56,99.48,154.44,29.76,40.84,0.71,171.07
85.27,43.77,73.83,22.06,76.06,7.06,42.99
385.77,168.34,247.42,39.4,42.84,2.06,250.97
96.02,35.98,60.83,31.11,69.14,5.18,32.77
103.83,42.57,66.32,39.74,50.67,8.26,23.87
347.82,179.33,257.3,25.18,63.62,5.91,209.78
367.66,166.56,245.54,24.55,81.32,1.77,265.25
108.49,55.93,90.98,39.99,56.12,7.21,38.19
203.83,117.67,206.25,40.71,53.01,4.09,129.22
301.39,151.35,258.67,40.74,36.36,0.32,205.64
355.0,156.74,275.22,36.2,56.27,4.48,225.02
170.25,80.1,128.86,24.8,35.99,7.35,63.58
221.3,103.02,167.73,16.73,82.49,3.98,137.45
304.44,124.29,210.4,22.27,46.11,6.87,192.61
300.52,144.76,247.66,40.03,25.33,6.41,145.8
319.7,133.21,222.9,21.63,34.2,4.22,192.88
240.88,76.08,115.43,34.21,57.77,3.04,138.73
68.71,28.05,67.2,39.54,88.3,6.59,14.2
364.47,139.86,209.35,41.05,39.04,3.45,217.56
350.26,150.16,241.68,40.33,36.15,1.7,227.65
325.3,153.66,228.95,27.76,47.52,3.02,201.91
66.95,31.64,56.16,25.74,92.42,7.92,9.35
105.63,31.2,62.77,41.6,82.62,2.69,55.39
305.13,144.36,239.47,16.98,26.97,2.27,217.65
38.56,17.18,28.5,16.0,64.1,1.37,15.59
392.31,137.16,203.71,40.82,78.35,0.69,264.26
169.54,73.94,113.79,32.05,76.44,8.79,63.12
296.15,106.42,147.15,27.16,54.11,4.92,171.88
358.4,142.55,206.13,14.23,73.55,6.62,212.66
176.01,71.61,124.58,26.42,61.69,7.0,80.94
148.08,55.93,79.34,40.22,31.12,3.3,66.9
255.23,109.74,189.21,29.29,19.48,7.23,122.96
244.97,85.85,128.29,22.95,44.56,8.66,124.05
181.38,79.26,143.61,27.64,19.96,6.73,76.57
252.66,96.05,147.98,38.36,46.6,6.46,134.32
376.09,164.35,275.35,39.21,81.31,4.0,230.82
203.03,68.87,115.16,22.8,82.54,7.6,104.82
102.79,50.92,84.25,29.46,17.73,0.98,59.0
169.57,66.39,104.15,18.93,20.56,6.8,62.18
175.82,68.1,97.3,24.43,68.59,3.39,88.23
78.51,37.86,44.25,17.04,55.0,5.18,16.22
90.26,35.3,33.56,27.01,26.95,8.06,13.66
283.29,110.57,194.16,28.5,79.44,5.52,165.42
155.61,56.79,90.79,20.81,32.32,0.43,88.77
383.31,207.26,326.04,18.71,21.25,6.56,231.62
120.13,57.01,73.6,14.83,74.96,8.38,27.56
66.6,34.15,36.34,14.47,63.65,5.85,16.36
308.8,168.94,284.98,32.77,46.56,7.78,182.41
355.98,135.76,241.37,17.09,70.42,7.46,200.86
132.9,70.11,110.59,13.78,87.91,7.78,57.61
104.77,34.3,63.77,41.96,17.73,3.23,66.66
98.73,56.75,95.19,18.32,65.21,4.37,43.57
223.14,93.83,150.35,38.67,32.45,7.66,94.92
203.31,83.93,159.41,29.49,52.93,8.21,95.28
125.99,67.23,88.64,32.88,48.92,1.49,67.08
46.71,18.08,23.7,27.95,46.2,1.8,17.65
208.15,112.43,197.8,15.79,30.23,3.25,123.65
384.95,163.84,252.44,37.11,79.21,6.98,218.13
271.43,130.02,196.5,36.5,45.36,7.9,136.58
213.34,116.84,178.54,21.19,85.98,5.31,136.09
70.96,13.86,31.81,34.44,43.37,1.2,47.84
123.4,75.37,134.43,27.38,82.18,2.87,91.3
139.07,63.73,97.7,39.09,58.56,7.74,51.75
312.98,156.54,218.3,35.69,45.85,3.26,193.14
354.38,127.72,198.8,11.31,71.32,1.1,209.75
363.61,163.7,245.2,38.14,77.93,2.86,241.13
394.29,187.75,249.54,40.99,53.62,7.3,200.89
393.48,180.97,294.05,33.75,49.03,4.54,223.53
382.61,142.84,222.49,13.84,61.19,1.71,240.01
56.57,26.35,24.57,35.84,61.81,2.95,22.22
80.98,38.93,48.81,30.72,49.04,8.59,0.0
142.65,48.65,63.23,20.84,75.61,4.0,90.79
234.57,114.13,197.46,38.29,46.98,4.09,144.01
65.88,42.65,53.94,28.1,51.24,1.55,35.71
342.94,111.09,160.64,37.29,63.43,2.88,216.32
258.2,92.11,164.64,31.44,93.95,7.37,150.08
230.67,102.1,160.86,19.23,35.85,7.12,119.08
91.17,27.56,39.71,41.2,33.56,4.03,25.9
123.7,53.83,93.34,28.27,29.15,8.06,30.62
89.32,35.41,27.83,26.54,70.16,3.55,29.19
345.22,157.76,264.5,22.91,50.93,7.81,190.08
246.16,94.06,158.85,14.36,46.09,0.48,150.43
302.0,142.72,267.8,31.96,31.33,3.26,188.79
139.53,71.42,140.82,23.79,86.29,7.72,64.39
167.36,67.55,86.17,39.91,50.45,8.13,41.31
179.8,84.12,138.79,40.88,63.62,6.86,70.22
311.21,158.8,219.07,34.56,24.0,6.09,173.06
315.77,144.95,246.2,17.76,23.64,7.38,172.79
106.52,41.64,74.68,32.91,20.39,6.43,28.06
378.37,156.55,210.59,10.65,44.39,2.44,233.21
74.64,31.75,42.68,36.44,52.83,4.3,16.78
361.57,148.75,208.72,25.8,34.57,6.01,189.38
67.15,26.8,46.25,39.98,42.97,5.37,7.53
127.88,66.3,104.0,22.09,15.5,7.99,39.57
343.2,135.51,241.27,18.42,43.09,4.37,201.48
96.41,47.85,71.82,41.84,24.53,1.77,57.19
183.02,69.22,123.71,26.98,25.27,2.09,113.84
196.45,90.08,161.4,37.62,15.36,7.65,97.03
120.75,43.55,71.1,39.15,70.71,0.28,79.35
292.79,120.3,177.12,26.59,89.5,7.85,140.17
344.99,181.89,324.09,24.58,64.72,0.69,254.78
353.59,184.15,321.04,27.69,22.7,3.65,232.97
155.55,78.45,125.15,37.13,94.17,7.24,63.59
226.41,83.55,144.18,40.87,93.05,3.79,138.09
121.91,60.49,99.55,20.51,52.46,7.44,51.14
120.57,37.79,63.01,33.64,23.63,1.08,88.45
89.66,50.74,84.36,19.13,72.66,4.7,46.82
377.81,174.7,281.87,29.55,91.92,5.33,246.01
358.56,152.16,262.93,35.75,77.3,8.04,191.36
317.62,116.79,159.22,38.37,64.94,1.02,200.04
221.53,78.49,116.16,24.36,63.87,3.18,121.64
211.52,80.03,121.58,21.83,93.23,6.0,114.7
226.01,118.75,158.04,18.11,20.85,8.82,119.51
228.53,127.19,217.43,14.27,26.96,7.66,120.85
190.79,104.26,134.45,21.68,81.46,7.65,85.4
78.75,23.21,26.6,37.9,26.61,4.75,8.05
76.5,36.73,58.21,23.4,45.66,5.17,38.28
382.33,146.72,265.08,20.15,37.52,7.76,214.75
208.35,89.55,131.29,33.65,34.48,7.85,97.21
382.69,153.26,200.53,16.9,17.06,7.26,204.52
90.52,34.59,51.53,18.2,60.3,7.4,17.87
235.13,113.97,170.61,39.95,47.1,7.94,104.26
106.86,44.21,80.92,12.61,59.13,1.2,69.35
123.68,57.51,108.53,23.27,39.36,2.78,58.02
41.12,14.25,6.67,28.46,90.32,8.79,0.0
74.01,25.1,44.16,17.37,62.31,4.99,12.05
369.23,199.31,255.73,18.99,91.9,1.75,220.9
148.97,64.06,99.07,17.1,43.0,4.63,69.23
255.01,129.66,198.13,21.05,15.18,5.88,133.25
202.06,99.35,153.08,38.75,77.5,7.49,100.78
178.17,85.91,128.73,23.81,81.19,7.35,86.4
226.8,112.99,184.52,23.37,19.7,0.63,172.17
99.28,60.09,79.21,22.37,65.03,4.19,48.65
395.78,186.24,260.11,40.85,67.88,0.38,270.08
332.77,140.88,185.9,13.75,26.66,8.02,177.75
304.4,115.39,161.37,37.9,59.2,1.73,197.59
203.44,88.54,106.52,20.47,34.46,5.7,105.11
86.56,25.94,33.54,40.61,16.32,5.22,26.01
370.65,143.45,189.24,20.09,84.35,5.7,223.29
156.31,52.33,93.78,12.65,54.34,5.16,47.05
48.54,21.87,48.49,26.64,77.54,6.5,24.25
156.69,62.94,119.8,17.29,72.83,5.71,96.04
323.95,159.21,258.29,34.1,94.5,0.99,229.5
260.4,133.87,167.83,31.03,50.04,3.43,143.71
307.81,156.1,212.72,31.97,49.2,5.01,193.9
323.65,122.9,185.79,16.19,37.54,3.06,187.85
108.42,50.2,99.28,32.68,65.01,6.89,40.09
371.8,172.12,310.29,19.96,53.89,3.0,227.42
192.06,86.3,119.15,41.96,73.3,7.49,114.61
266.44,138.69,198.69,33.42,43.52,1.49,161.86
30.85,18.3,43.92,28.89,25.47,6.97,0.0
397.55,220.93,308.09,37.75,83.99,1.81,255.41
133.93,44.69,70.81,28.86,81.24,4.85,65.25
52.96,24.76,42.46,27.69,43.08,3.02,14.29
199.56,93.08,134.74,17.59,70.23,5.81,120.37
77.74,27.14,31.65,31.7,54.39,2.07,32.99
86.36,45.61,74.37,21.99,75.88,7.2,37.22
263.94,98.62,150.78,11.38,46.21,5.25,131.81
175.38,83.11,140.58,36.11,57.85,8.62,67.02
371.09,179.65,236.99,11.66,19.63,6.46,210.97
148.09,55.62,104.93,31.51,28.99,5.55,70.92
298.69,100.64,151.11,15.02,77.54,7.5,159.68
200.61,100.08,149.82,23.84,45.53,2.13,133.25
274.18,113.43,155.31,37.49,17.81,5.77,149.85
251.89,137.83,193.84,13.02,28.41,3.64,161.46
204.93,101.27,130.68,31.35,47.93,6.75,90.21
381.52,190.95,295.77,29.6,72.43,0.42,274.5
156.8,64.55,121.77,37.76,44.08,3.96,99.18
95.58,40.43,52.09,15.53,74.61,5.93,18.91
280.89,144.5,260.7,35.59,83.64,4.25,187.0
343.02,131.95,198.74,24.4,42.29,2.29,219.34
44.89,24.62,32.45,23.72,79.03,4.29,28.2
196.36,79.56,131.99,21.58,25.15,7.68,93.01
360.22,161.89,217.22,22.34,48.22,2.02,230.84
307.36,158.49,226.36,26.64,22.8,3.43,196.91
396.97,180.01,275.31,13.42,19.2,8.91,209.27
226.62,100.63,166.9,23.6,20.16,8.23,101.48
274.2,121.85,185.98,30.86,23.38,0.5,169.47
141.92,56.36,71.57,25.94,81.86,4.87,86.62
380.59,151.6,284.96,15.31,58.49,0.78,257.56
165.54,83.06,116.73,21.62,90.79,8.33,62.87
303.25,143.96,270.3,24.17,58.04,4.09,190.91
179.16,67.9,114.45,31.4,65.3,3.88,107.32
237.87,124.33,209.39,38.82,29.76,2.6,162.64
296.32,102.76,188.5,27.61,58.25,5.21,154.85
218.31,89.35,120.82,31.64,45.82,1.48,104.15
365.62,142.19,228.39,12.47,89.51,7.23,211.54
185.14,99.96,173.54,40.54,89.71,4.52,104.44
269.42,128.56,205.16,20.09,30.88,5.18,161.04
156.67,73.39,111.06,21.34,64.61,7.6,71.08
181.02,72.98,106.15,17.13,66.05,1.83,120.22
192.82,81.52,129.5,12.71,60.0,1.74,136.93
76.55,38.29,66.09,35.28,24.95,3.9,42.74
63.94,27.11,53.42,17.7,67.32,7.12,18.83
276.97,152.36,260.94,19.05,78.93,0.72,216.17
272.54,142.72,233.52,15.82,42.62,7.2,163.8
275.28,116.83,208.25,41.2,56.16,4.61,159.62
37.31,18.27,13.94,34.99,24.31,5.14,0.0
150.82,73.1,101.12,39.76,89.46,5.17,104.84
103.19,51.25,79.74,37.58,23.76,0.69,68.08
317.92,162.45,243.27,39.0,31.67,2.4,219.01
348.43,186.37,244.75,25.33,38.88,6.85,195.04
121.27,37.85,63.63,15.46,81.06,3.83,72.77
277.1,149.16,197.05,20.46,71.05,5.13,145.27
77.86,24.25,34.46,19.36,15.56,8.51,0.0
131.81,59.91,64.76,32.95,29.68,0.61,82.68
81.3,44.32,69.85,10.82,75.01,4.16,45.33
134.9,65.07,73.67,14.55,47.31,3.38,81.03
279.65,123.15,189.37,31.85,17.1,1.14,171.56
366.82,170.43,274.09,13.95,92.11,8.57,215.18
104.93,40.54,68.04,11.55,27.1,8.66,30.22
230.57,88.59,120.43,13.49,55.84,2.94,156.75
289.51,111.41,202.76,32.1,34.87,8.53,150.07
382.58,177.98,287.68,14.46,74.0,0.51,263.36
255.72,113.8,184.86,14.68,77.14,8.83,116.65
124.39,48.73,67.53,17.37,46.78,7.56,54.76
261.43,130.59,226.95,34.03,67.68,2.09,178.66
148.58,68.06,123.89,16.41,87.73,5.48,78.0
391.17,158.11,242.95,11.13,80.18,7.23,209.18
177.88,74.6,125.22,38.99,48.19,3.01,92.92
283.61,106.48,141.32,38.04,50.32,3.31,171.11
38.59,19.9,37.87,15.91,85.95,5.73,4.75
178.02,81.08,121.58,18.49,17.75,1.49,92.59
353.79,130.61,166.37,16.03,16.82,1.24,228.03
255.78,135.28,238.14,33.03,31.46,2.4,152.33
194.26,102.62,172.44,18.0,81.21,6.72,118.96
376.3,187.14,277.6,39.81,27.26,3.43,241.55
345.97,172.67,299.27,36.48,37.82,4.66,210.5
149.22,88.79,121.56,28.83,65.33,1.92,104.71
231.48,89.45,134.18,10.29,29.74,1.91,144.9
211.23,101.84,188.65,38.28,39.25,5.92,126.14
263.91,126.45,192.08,33.29,52.35,1.15,175.29
153.62,63.36,83.51,35.21,33.25,6.08,66.44
120.36,44.99,84.28,12.3,94.39,3.73,63.32
367.69,141.2,203.57,32.67,28.08,6.11,207.72
371.83,171.37,249.58,35.75,82.99,3.56,256.3
342.03,172.8,231.2,40.61,52.61,7.65,183.95
391.94,194.01,317.28,28.58,25.33,0.69,275.57
305.65,122.92,177.14,26.26,24.48,8.06,145.32
312.93,124.51,189.09,23.61,55.02,2.56,171.75
312.16,142.96,229.74,32.44,43.28,0.57,212.44
207.82,93.75,143.21,39.47,33.77,5.15,114.06
198.89,110.07,148.5,29.19,91.72,2.17,133.12
118.88,62.66,100.85,17.27,52.07,4.24,43.46
268.58,138.75,230.14,10.56,89.3,7.26,156.73
137.05,69.98,103.52,29.81,28.12,7.17,54.86
125.39,66.58,125.3,37.67,29.68,5.48,48.44
246.81,105.88,183.6,12.11,62.68,8.81,101.78
181.69,67.46,88.34,22.72,36.59,4.28,89.79
110.98,41.87,77.32,40.08,29.8,0.55,77.53
331.94,134.14,227.29,26.05,22.57,7.41,182.85
348.41,131.64,197.32,17.06,21.1,2.15,207.44
92.05,37.47,42.64,21.32,75.25,1.75,58.95
32.78,13.64,31.05,23.06,37.57,0.82,26.84
154.37,61.57,109.37,13.75,93.27,3.09,81.74
325.08,180.06,275.88,31.15,29.65,3.07,212.84
340.49,164.63,278.92,28.95,43.36,2.86,233.28
81.18,31.76,56.02,30.73,44.99,5.42,9.19
316.5,161.94,279.16,29.55,55.01,6.81,194.17
72.81,32.07,44.58,10.53,84.65,8.45,22.35
174.32,81.45,128.84,15.58,81.78,1.03,119.3
399.49,150.07,215.54,15.3,15.8,1.52,249.05
101.26,51.88,79.97,13.13,47.74,5.39,48.66
86.97,29.73,42.97,33.54,81.23,1.06,55.92
186.44,79.18,128.41,13.84,15.02,3.46,81.67
259.28,123.74,201.2,31.38,57.69,5.7,144.11
375.17,186.03,331.09,15.71,35.76,7.07,226.34
392.9,170.98,247.31,13.79,48.02,2.11,258.71
55.77,21.36,34.86,15.2,48.62,6.08,0.0
81.06,28.82,30.96,26.27,46.34,5.88,13.69
322.57,143.22,215.52,30.66,86.36,7.76,189.48
130.13,51.99,81.31,35.98,57.92,2.96,68.32
357.39,143.74,223.54,14.11,87.3,6.8,190.15
275.48,109.48,173.83,29.72,73.14,6.82,163.05
71.38,20.3,17.76,34.76,43.09,2.3,27.93
338.04,146.52,233.28,20.0,54.49,5.67,205.81
95.25,46.09,71.87,12.55,46.19,6.14,14.97
186.69,78.71,104.11,14.99,81.29,2.61,114.96
234.31,90.79,106.04,12.93,30.01,4.18,132.07
215.28,103.74,187.0,38.39,89.91,4.03,133.72
283.88,99.32,177.85,22.05,61.43,7.01,133.17
271.49,135.99,209.17,26.75,63.94,0.21,163.44
397.06,210.07,295.04,34.6,56.34,4.61,264.02
399.79,165.79,233.77,21.89,59.36,1.82,257.34
221.09,111.61,175.61,30.77,68.41,5.89,130.46
65.22,24.14,26.91,12.45,67.4,6.19,14.08
299.3,103.21,143.53,25.39,32.13,4.61,171.32
391.37,195.32,271.52,13.09,61.6,4.97,235.95
147.78,65.17,89.63,17.95,43.37,2.97,86.19
200.65,93.42,148.03,19.39,65.96,2.96,134.27
187.17,74.5,102.97,32.96,58.83,6.76,83.67
49.03,29.3,54.9,31.57,29.37,1.36,47.16
278.74,113.3,163.99,33.91,73.78,6.99,136.13
160.73,65.99,81.91,11.98,51.56,5.96,53.82
321.36,128.69,214.44,41.81,59.12,7.98,177.33
337.88,187.66,291.0,11.74,68.81,2.49,217.05
333.86,121.84,207.71,36.42,67.23,4.65,213.1
184.17,100.4,169.56,33.69,74.91,0.54,149.73
148.97,67.54,93.02,28.94,31.54,8.23,66.93
307.06,152.77,256.95,24.04,23.83,6.14,186.91
326.51,160.67,274.98,34.23,68.53,5.68,185.13
211.77,109.11,201.45,33.68,33.88,6.65,94.49
360.42,137.45,208.28,14.39,24.17,2.7,236.33
83.25,29.51,38.36,35.36,25.5,5.51,5.59
355.26,167.04,197.35,12.51,40.02,7.25,210.57
65.56,22.34,26.54,26.02,94.34,0.99,50.52
86.8,36.54,71.02,30.64,27.58,8.64,7.03
227.52,83.22,116.69,36.29,38.88,8.05,104.25
54.98,21.8,31.3,24.82,88.66,8.67,0.0
49.54,16.56,27.1,17.58,92.06,7.31,0.0
30.19,12.7,29.47,25.7,33.31,2.79,18.68
191.44,91.48,145.84,18.01,85.44,5.32,122.15
316.61,135.03,207.02,26.92,26.11,1.26,207.03
42.89,20.05,34.53,24.8,75.92,6.84,0.0
271.34,153.4,244.93,34.98,16.04,1.55,198.04
334.56,124.24,194.29,17.68,47.53,7.83,152.94
92.16,45.19,80.46,16.4,34.79,2.32,55.25
84.34,49.22,67.15,25.17,71.32,1.61,65.54
348.5,168.72,294.68,11.62,16.28,0.82,230.28
334.56,129.73,218.57,17.34,52.19,6.46,194.11
229.41,89.14,137.35,21.32,70.74,1.84,148.61
333.1,123.77,164.44,25.6,18.74,1.94,199.48
64.32,30.63,47.3,18.62,86.79,1.69,51.7
175.96,100.54,134.88,27.94,43.9,2.89,95.8
302.99,143.34,227.04,38.11,28.22,8.48,166.37
125.26,56.73,83.1,27.4,33.04,4.48,38.16
308.36,165.46,270.03,19.18,42.11,2.5,206.6
216.55,105.65,162.16,11.98,30.87,1.7,139.78
307.6,109.03,154.63,14.37,55.85,0.37,191.85
201.93,109.24,168.87,27.96,65.63,3.41,126.07
166.12,76.78,113.3,31.88,49.67,1.17,105.28
111.1,34.1,75.3,11.59,49.16,0.44,80.92
107.1,44.68,53.36,15.94,77.54,1.11,77.37
308.05,158.37,234.42,20.21,39.08,3.0,200.79
74.0,39.86,47.81,20.23,64.82,6.81,13.05
61.81,29.23,38.95,40.67,86.43,0.79,40.43
95.23,39.04,67.07,16.52,32.72,6.17,24.22
94.88,27.6,56.54,12.0,64.59,5.66,29.93
334.55,122.48,172.32,21.3,90.84,7.96,176.38
177.45,90.45,141.8,14.3,57.38,1.82,124.13
396.44,206.0,318.24,14.05,93.15,7.19,243.38
80.77,35.96,60.48,23.04,39.8,7.81,12.15
271.81,122.37,200.72,19.8,60.14,8.79,119.13
196.03,71.52,130.83,12.94,39.88,7.32,95.86
175.38,57.21,97.86,29.34,15.3,1.29,100.3
353.78,158.59,265.32,26.05,94.78,8.53,188.61
390.97,199.6,295.56,12.47,34.2,7.37,243.8
352.96,174.48,310.35,37.61,92.85,2.07,250.8
101.15,42.58,66.54,19.11,67.24,1.65,67.86
111.7,51.67,76.01,40.76,87.31,8.44,37.93
272.75,96.51,167.05,39.81,92.38,1.57,177.17
136.96,56.61,86.9,23.89,60.43,7.04,46.61
301.85,160.0,266.66,17.31,94.98,3.77,207.21
239.58,119.04,179.46,36.72,76.39,6.57,145.68
233.84,128.04,220.13,21.56,56.91,1.01,160.9
336.56,178.56,291.78,15.23,67.4,6.58,219.4
292.9,139.38,225.8,27.65,30.54,4.7,172.12
39.83,21.39,38.55,25.66,15.88,8.12,0.0
48.3,24.91,41.39,37.2,35.54,1.86,5.66
252.58,96.82,178.23,33.34,49.8,1.16,145.63
209.89,79.02,125.52,38.04,33.24,1.93,122.89
126.27,50.98,74.91,33.51,56.12,0.89,76.17
184.9,67.24,124.37,30.55,67.64,8.83,76.85
310.43,126.95,229.6,26.01,67.46,1.28,202.47
335.85,167.92,250.85,41.6,86.5,1.97,237.11
237.65,121.61,152.2,40.69,92.31,7.33,127.15
172.59,73.66,123.06,37.16,86.26,2.37,110.95
130.16,47.73,42.14,34.81,64.61,2.16,63.83
223.11,111.05,166.09,28.48,31.46,6.12,131.84
146.46,59.1,103.89,18.31,90.48,3.71,69.2
238.72,91.58,156.24,38.01,28.99,7.55,116.79
280.36,116.26,168.49,10.35,27.11,5.82,150.08
54.45,29.52,42.48,17.28,40.41,2.74,29.6
30.39,13.62,19.79,22.92,60.89,5.46,0.0
108.54,56.02,69.48,28.76,69.52,7.82,27.49
360.97,176.52,245.14,27.95,16.06,3.41,223.96
269.13,131.69,212.04,15.63,77.24,6.68,168.7
93.63,35.44,57.31,13.35,29.0,3.86,38.84
359.4,177.02,262.59,17.11,38.72,4.98,237.68
203.88,96.27,171.76,21.16,40.77,6.66,104.82
206.15,78.57,123.04,10.45,41.6,0.73,132.07
376.15,182.48,307.47,32.16,75.83,4.2,243.25
52.01,25.54,37.76,17.93,18.28,1.04,35.25
109.62,45.09,55.84,21.24,30.72,6.58,26.71
246.74,94.23,116.33,20.72,16.79,5.55,128.47
102.33,45.51,49.62,26.38,77.26,3.08,57.19
281.42,89.78,148.91,37.51,93.7,0.87,187.68
109.21,39.39,70.67,14.78,67.76,8.35,25.75
66.69,30.5,60.43,20.9,62.21,2.97,32.88
106.58,49.23,52.58,32.14,87.65,2.62,63.95
186.41,76.43,116.91,11.42,35.4,1.09,133.67
95.17,48.0,55.95,36.56,20.32,5.28,37.12
79.84,29.28,41.35,40.78,55.8,2.54,62.86
348.3,184.49,273.08,29.44,35.83,7.62,198.61
148.55,62.2,103.06,40.61,51.09,6.21,72.64
163.48,95.41,130.54,23.22,51.5,0.23,107.31
50.45,20.27,44.54,23.28,40.51,5.18,17.74
162.23,60.74,112.5,13.4,53.91,2.24,87.98
127.98,65.8,102.06,11.13,45.41,0.34,91.99
255.88,110.55,149.36,17.82,24.04,5.65,134.21
105.99,49.72,80.58,25.3,84.34,2.0,73.51
358.7,185.4,303.99,26.25,71.1,8.12,209.4
373.98,168.71,261.94,16.96,18.3,5.25,215.2
66.94,33.31,43.36,29.61,24.26,2.04,30.75
69.74,21.54,38.86,15.8,22.72,8.82,7.6
72.67,29.11,43.84,20.44,19.94,5.01,22.9
259.24,108.69,174.52,16.26,19.72,1.66,151.77
75.13,34.94,59.97,32.29,27.57,4.75,34.4
345.38,177.3,240.75,26.53,82.83,8.64,185.45
309.08,109.92,183.73,33.56,81.26,3.93,194.85
333.33,133.76,189.8,11.83,77.65,3.94,210.35
224.64,94.58,134.62,23.61,64.18,4.26,130.47
398.77,137.5,194.78,40.94,72.88,2.66,268.02
46.34,22.04,6.17,11.72,74.08,1.62,19.32
178.47,98.47,147.27,23.39,86.15,5.29,108.52
149.86,58.23,87.12,11.29,73.59,8.07,71.18
381.0,169.24,249.55,14.69,73.92,6.67,218.92
243.44,99.53,122.21,24.8,79.33,1.05,154.08
328.29,125.09,211.82,15.04,59.51,3.73,193.15
93.03,46.37,86.55,26.6,32.04,0.25,67.68
392.09,196.16,291.74,39.53,21.76,2.91,239.77
214.5,126.47,188.37,16.41,48.52,6.09,122.87
212.66,87.36,111.19,13.43,22.33,2.75,109.46
389.23,202.23,266.37,36.41,28.54,7.6,235.73
170.87,76.8,119.69,24.73,16.91,4.4,95.0
177.08,81.36,151.23,38.24,39.02,6.09,105.81
246.36,120.81,201.92,19.8,92.6,7.98,138.61
77.38,37.68,49.05,30.08,45.31,6.21,12.32
148.8,91.46,159.5,39.55,34.27,8.1,53.35
101.49,39.95,65.59,15.49,47.28,7.31,26.24
68.21,32.3,38.29,35.62,39.11,5.19,14.36
350.47,148.45,223.2,30.21,68.91,2.82,230.08
248.05,92.03,126.29,36.01,65.76,2.82,135.37
162.71,79.13,137.08,15.46,17.19,7.9,86.49
181.21,59.42,79.9,23.89,55.91,0.67,124.47
189.66,77.37,111.22,14.12,17.9,8.48,72.99
264.27,100.03,153.66,40.72,69.19,3.08,173.69
372.9,146.38,264.0,12.01,89.86,6.7,210.77
375.13,182.07,280.83,12.1,87.6,3.1,250.34
174.85,90.24,142.29,38.74,31.46,8.59,58.21
151.83,70.61,105.12,19.62,74.41,0.52,126.9
196.89,72.82,132.27,29.1,78.45,3.31,102.79
240.14,99.0,152.44,19.2,84.15,7.83,107.24
200.87,81.48,109.98,30.76,35.77,2.61,110.58
273.74,134.15,233.94,16.16,51.07,2.63,189.2
235.13,110.79,149.02,24.68,32.72,8.11,120.24
148.66,64.26,94.39,27.07,16.94,7.51,56.07
157.92,65.97,102.03,20.68,67.72,1.13,109.34
170.08,86.46,118.42,18.05,49.52,5.31,84.18
65.02,24.33,40.82,14.49,34.85,2.17,34.31
91.44,39.92,60.94,32.6,82.77,2.09,73.72
297.55,125.31,172.66,15.39,54.65,5.62,161.83
173.97,56.81,75.78,19.35,94.57,1.29,103.62
109.38,56.93,91.93,20.78,78.47,4.33,63.67
238.19,91.89,158.25,24.54,84.54,2.45,159.73
309.55,126.09,210.44,32.48,76.87,7.71,170.92
125.25,72.57,106.21,23.69,23.47,5.08,68.89
335.91,163.11,252.25,37.87,20.2,2.09,217.35
373.18,131.96,228.16,31.75,88.21,8.35,204.73
251.04,93.66,126.02,36.83,26.06,7.44,122.56
277.51,94.97,149.87,32.92,46.3,2.53,168.03
49.45,19.33,35.21,14.76,63.79,8.66,0.0
379.84,144.36,215.23,41.29,31.95,2.56,238.3
175.22,98.46,162.91,35.17,33.02,2.78,106.11
371.84,202.83,363.72,28.33,52.3,3.6,251.37
244.22,116.78,207.27,15.29,43.87,1.65,170.68
31.71,5.12,0.0,15.53,69.13,6.25,0.0
44.26,24.84,32.32,29.66,21.01,5.1,7.54
281.75,104.18,145.89,23.32,54.1,8.07,120.31
238.19,123.55,204.96,31.63,28.94,2.32,129.14
39.82,16.68,48.17,21.92,63.54,1.7,31.3
305.08,112.24,199.72,26.41,24.3,3.36,186.86
345.29,140.97,203.78,16.01,30.81,1.49,220.27
213.67,77.15,142.25,14.97,79.31,8.53,105.68
202.33,86.82,133.22,12.42,33.81,6.51,116.49
32.03,20.08,42.43,36.23,73.97,7.21,3.34
321.06,155.9,232.07,27.77,36.85,6.78,189.78
152.36,69.03,91.15,40.31,33.8,2.34,79.47
355.14,194.68,269.18,33.98,38.93,1.44,232.56
168.03,69.34,135.89,34.6,85.47,3.98,75.31
239.08,123.07,180.0,26.29,46.77,7.5,127.52
130.03,54.27,72.94,36.09,34.5,3.11,78.65
89.42,36.96,59.18,40.15,57.93,0.28,70.25
316.72,166.97,243.72,33.1,45.85,6.01,191.88
213.74,85.63,149.64,13.38,78.22,1.96,138.56
228.5,85.42,120.73,30.83,94.24,4.98,121.85
387.2,150.82,200.69,13.85,57.13,0.33,243.41
386.52,167.57,268.28,12.47,51.14,4.68,232.17
346.59,149.77,225.44,32.17,42.44,3.66,201.62
99.42,50.5,68.98,36.71,92.87,7.95,46.34
249.88,132.3,159.36,15.08,53.66,6.55,119.29
354.91,161.18,225.22,12.37,29.24,0.52,234.58
168.55,81.82,105.9,38.37,92.54,7.15,60.26
67.41,29.8,52.08,14.23,91.87,7.16,14.22
330.06,165.39,250.19,11.12,49.86,6.04,192.6
208.25,78.97,123.34,33.07,42.85,8.38,83.65
238.83,95.66,167.34,37.13,69.43,7.27,107.82
393.39,185.81,317.32,26.46,81.31,2.13,268.06
254.67,130.75,192.99,27.28,54.88,3.56,150.26
187.24,99.25,159.31,20.78,41.47,3.28,111.16
166.89,71.82,125.53,17.63,39.11,4.64,105.58
184.52,95.58,158.72,34.17,41.13,8.59,80.27
73.81,25.42,32.34,37.18,24.44,5.62,18.94
324.06,108.11,163.49,20.28,77.29,2.95,194.79
339.96,128.07,160.97,18.76,23.4,8.49,161.92
135.23,50.99,75.89,18.57,46.87,6.36,50.45
142.4,63.73,99.75,11.62,81.8,2.54,114.65
353.5,161.24,205.43,18.99,47.33,8.18,185.16
38.87,19.03,40.78,10.82,38.58,3.23,12.14
222.57,97.93,165.11,35.23,90.86,4.74,123.22
201.56,89.4,131.25,18.19,25.12,4.42,82.02
285.35,131.03,200.94,32.08,85.79,8.33,144.81
90.45,33.71,45.33,27.38,19.97,2.54,67.47
277.28,118.39,207.86,36.8,48.08,3.13,176.13
169.39,67.25,91.82,40.73,65.54,6.01,91.87
258.92,125.29,196.12,21.75,44.6,8.0,127.36
44.84,26.58,40.03,12.83,57.77,1.21,1.42
200.84,79.84,136.88,33.99,31.32,2.05,111.39
223.23,95.83,136.12,10.68,60.52,8.54,102.12
109.3,50.12,79.79,17.13,25.76,7.04,34.95
81.66,29.93,43.94,11.7,78.69,3.25,41.78
99.74,38.22,45.36,38.74,61.7,3.35,39.28
157.33,66.59,80.36,10.17,53.55,4.33,87.16
65.82,32.59,39.05,25.77,19.37,6.13,2.81
380.51,145.82,200.98,23.57,54.98,5.14,221.5
179.85,86.08,129.9,30.89,60.09,7.03,83.29
329.32,127.92,217.65,19.27,36.25,0.68,212.16
390.53,171.33,239.69,37.96,69.21,7.41,208.81
59.87,30.58,70.72,33.5,21.14,0.71,35.34
271.12,96.93,116.16,23.83,31.7,7.95,145.13
352.42,189.77,307.32,21.46,74.0,0.58,265.6
264.67,111.99,197.65,36.11,26.78,1.32,182.41
188.74,98.25,175.15,34.23,34.64,1.79,115.73
189.5,81.83,138.62,22.77,67.07,2.16,101.62
43.28,31.5,50.9,20.92,73.31,3.74,29.66
227.8,124.16,171.12,11.24,19.12,5.97,132.55
397.61,178.96,227.56,12.61,25.13,8.05,219.05
384.72,151.94,235.42,11.73,50.69,4.82,222.98
44.95,34.03,30.73,10.78,62.42,4.89,0.0
291.14,134.38,204.94,14.89,51.3,3.01,189.35
141.65,83.65,117.91,37.43,66.77,7.25,69.45
364.11,155.72,269.89,35.54,75.48,1.17,242.08
46.69,18.64,30.57,37.06,90.96,2.85,14.5
376.27,145.2,246.94,29.96,42.99,1.05,257.05
339.87,168.43,289.46,29.97,28.05,2.08,219.31
73.48,36.2,75.72,13.97,36.13,5.36,38.27
52.14,14.5,28.95,32.37,26.85,1.31,24.51
338.84,173.71,278.1,18.96,46.54,1.09,227.07
87.63,52.87,90.75,26.62,84.81,7.47,27.94
227.91,90.74,140.11,40.55,42.76,1.24,140.26
368.83,146.24,217.27,37.86,26.91,5.55,222.3
239.96,117.87,171.97,17.46,56.81,3.3,154.2
176.98,83.32,117.81,33.57,94.36,8.09,90.79
194.66,77.56,119.48,13.33,30.05,6.43,92.74
53.35,31.14,34.11,10.86,77.23,0.72,36.18
388.44,171.7,269.23,10.9,80.87,8.08,223.06
144.94,71.86,132.34,15.45,47.11,3.84,75.1
100.06,55.05,86.73,32.24,64.56,2.82,68.82
135.84,68.73,125.81,21.63,49.59,6.12,69.64
386.82,175.17,287.1,10.51,35.99,6.52,224.84
64.89,31.34,61.34,41.62,49.09,2.87,19.43
350.9,162.12,251.4,27.07,22.62,3.29,235.58
291.9,114.7,160.53,22.6,71.56,1.58,192.11
337.11,152.75,241.82,26.6,81.34,5.42,204.25
391.08,148.62,186.99,26.64,39.59,8.62,217.99
341.6,157.96,276.6,25.05,60.32,3.87,208.17
379.05,129.16,228.85,29.61,33.57,8.97,191.46
76.97,28.27,35.24,38.34,25.2,1.75,36.92
324.44,124.41,168.23,19.65,68.09,7.21,155.85
231.9,110.03,156.41,25.58,25.73,8.37,111.08
231.09,125.39,209.45,10.12,77.56,6.25,127.61
362.6,141.18,234.58,37.51,36.74,1.16,229.04
389.57,198.53,274.24,19.79,80.48,3.07,251.24
290.79,154.47,255.96,18.68,44.48,0.95,194.55
208.69,90.12,119.58,41.92,44.51,5.5,97.7
198.87,97.75,148.23,28.7,75.05,8.98,93.95
172.95,76.45,104.04,13.94,55.82,3.5,93.41
163.79,63.9,88.92,18.5,31.08,1.63,98.35
174.86,88.13,139.94,21.3,83.03,2.56,138.14
63.21,28.73,27.07,41.55,42.21,5.22,8.62
58.65,25.53,49.91,23.78,23.22,5.21,15.39
318.55,174.36,307.13,17.36,48.28,2.22,222.85
195.05,104.78,162.21,28.23,60.92,6.81,96.13
374.35,174.72,298.91,22.95,63.79,0.97,255.89
256.52,124.05,201.5,11.76,81.85,5.68,151.94
43.02,24.47,41.19,37.55,58.31,3.95,9.38
88.28,36.28,47.0,10.5,32.9,1.32,44.45
106.15,39.37,68.34,38.75,35.93,5.78,30.8
391.02,170.71,231.03,35.34,23.07,6.12,224.89
110.92,45.71,46.79,12.43,73.87,4.07,35.92
220.83,88.19,112.77,33.16,23.48,7.22,116.46
376.39,126.34,168.4,34.67,63.47,4.68,234.64
391.56,190.91,338.56,29.27,62.76,2.71,259.88
117.45,49.83,98.09,28.49,77.84,8.59,44.01
48.17,18.52,23.78,11.59,20.97,8.51,0.0
86.83,28.27,42.88,11.9,31.23,1.04,36.36
53.43,24.08,41.21,33.27,87.76,8.53,2.84
102.2,58.69,90.58,13.38,60.78,7.02,26.75
240.37,96.18,144.09,17.74,51.62,1.14,175.68
367.61,178.56,276.45,25.96,74.81,4.77,231.35
228.77,119.03,189.08,15.25,87.2,0.51,174.73
261.62,99.05,130.3,35.27,36.04,5.38,136.4
104.69,53.56,82.02,35.84,87.12,8.41,52.49
326.22,157.17,260.65,36.95,23.7,3.44,200.69
258.58,118.76,162.26,11.59,93.21,4.68,166.23
349.73,119.97,172.14,23.69,28.19,2.2,218.89
381.07,136.74,214.77,37.1,36.3,4.96,223.71
158.72,96.63,154.73,21.62,22.73,7.26,74.43
63.51,30.55,46.28,32.27,79.29,2.09,32.44
113.59,62.52,105.86,28.86,93.74,5.07,33.1
192.0,111.82,185.99,21.11,38.76,3.32,129.93
379.91,131.77,211.24,18.84,41.05,6.78,202.15
169.97,95.48,148.68,30.89,37.32,6.38,94.62
315.19,138.78,213.67,14.28,27.39,6.35,178.82
229.98,125.72,172.25,37.52,78.0,3.52,159.7
97.64,38.06,43.59,28.45,19.86,5.47,38.51
148.67,62.14,109.42,13.57,92.42,5.93,48.71
271.68,135.58,196.01,32.51,89.19,6.19,164.41
278.96,138.76,229.45,23.8,24.48,5.26,159.88
190.86,90.84,144.51,16.53,57.36,7.83,96.29
114.6,51.5,93.65,40.75,94.43,2.39,78.76
297.11,122.36,173.7,33.03,83.21,0.69,207.28
92.48,48.67,70.36,28.98,72.21,8.67,17.76
376.57,163.62,244.34,37.16,16.8,0.73,240.11
99.52,48.7,59.66,27.4,20.47,8.15,14.21
69.71,38.22,54.13,24.13,78.52,5.59,5.42
214.13,89.15,119.94,16.06,45.12,8.28,86.32
222.23,99.0,133.57,14.91,68.47,5.17,103.43
218.03,97.06,165.3,23.82,74.13,7.42,98.43
191.57,106.36,175.52,24.59,48.77,6.55,98.99
398.08,217.43,331.25,33.47,26.47,4.82,257.79
209.92,106.35,131.93,24.15,45.94,3.4,122.58
206.84,94.42,128.58,28.98,84.68,0.23,141.16
186.05,76.92,96.31,36.64,41.49,2.41,98.61
54.73,25.54,34.91,41.79,20.01,8.58,0.0
249.39,137.12,183.82,20.32,91.73,2.62,158.31
114.35,45.78,58.22,38.86,69.45,6.82,33.47
265.92,122.2,218.93,35.79,58.27,4.67,141.02
48.81,20.26,29.78,12.18,81.33,2.91,30.09
393.11,192.21,323.64,20.69,47.89,8.92,214.97
203.53,104.71,139.13,17.01,93.81,0.61,148.25
361.8,143.91,205.14,31.26,83.61,5.32,223.98
205.96,98.49,168.51,27.77,37.44,4.26,120.93
52.32,15.65,23.41,25.84,44.68,0.87,35.98
334.22,123.08,197.69,34.43,37.06,2.08,186.9
269.83,139.07,243.78,20.67,67.75,6.31,148.42
319.25,154.35,255.87,22.25,66.15,1.15,225.88
188.42,64.2,96.58,37.7,56.8,7.25,83.55
266.04,136.57,210.81,41.11,92.27,5.7,178.06
346.8,172.3,229.86,34.84,52.78,1.09,247.79
263.49,137.96,178.89,16.95,77.7,2.72,176.37
158.64,60.04,74.77,13.6,67.65,1.41,92.02
275.14,143.46,247.35,16.69,56.45,7.22,142.21
278.59,115.15,178.37,23.53,18.37,4.89,152.45
385.42,181.4,265.98,17.57,67.6,0.22,257.7
167.24,62.44,84.03,38.83,66.41,4.98,73.11
187.28,96.14,154.97,31.46,24.99,4.45,95.5
330.49,160.46,277.83,23.34,78.67,5.86,207.7
217.13,105.26,176.25,18.76,52.36,0.51,165.0
302.53,142.74,203.2,22.18,40.93,0.51,212.35
200.09,94.23,146.19,25.23,80.92,3.27,122.47
109.73,56.42,85.75,32.84,42.47,6.26,49.12
305.73,128.8,232.38,12.86,64.75,6.07,175.46
78.53,41.25,70.37,37.16,64.43,2.65,39.41
103.48,44.8,55.48,14.08,19.22,2.1,54.99
261.93,148.14,235.41,18.4,48.83,6.21,148.2
306.49,160.81,238.77,41.79,32.82,0.44,218.06
361.03,191.82,332.63,16.09,30.97,5.1,228.08
130.86,65.37,84.09,13.24,67.4,3.93,58.47
70.97,37.07,61.38,30.43,15.91,2.3,28.52
383.74,144.39,260.15,22.58,92.53,4.78,238.51
87.14,36.54,68.53,12.94,46.63,2.11,51.19
103.14,52.38,79.71,10.12,38.9,5.17,37.63
137.79,67.61,118.62,12.53,88.6,1.51,84.22
225.87,129.72,189.39,26.73,53.93,3.77,150.62
356.65,125.11,187.13,17.39,64.15,4.69,214.0
311.4,134.29,182.12,34.88,70.67,0.48,193.06
292.02,126.32,230.51,37.44,84.71,5.57,188.25
94.82,46.48,83.59,14.63,25.38,6.8,23.74
162.34,55.65,74.0,20.78,21.53,8.61,54.52
207.01,75.44,105.93,14.69,94.5,1.99,142.16
84.55,40.81,66.29,19.17,15.71,2.04,62.89
131.17,58.24,85.35,17.65,71.66,2.88,89.29
144.08,53.45,86.57,35.18,63.89,8.04,49.23
77.09,29.66,44.02,21.06,59.2,3.78,14.37
233.59,103.85,175.52,25.86,77.87,2.86,130.45
290.86,104.71,162.69,31.56,94.4,6.72,166.77
55.87,31.07,67.69,36.31,18.75,0.53,51.7
208.02,105.63,132.7,19.64,64.16,5.03,103.87
319.42,132.19,245.46,16.7,72.34,4.16,197.93
306.76,140.16,218.61,41.31,39.48,5.7,169.65
331.58,118.28,180.8,20.24,86.43,6.63,178.74
195.85,80.27,139.79,31.47,51.56,3.06,124.73
333.61,182.54,312.27,31.69,28.16,5.8,206.35
119.08,55.44,89.05,26.45,83.35,4.81,58.65
163.5,85.2,145.17,17.31,90.43,1.38,142.07
95.25,33.28,46.74,14.53,22.96,7.96,0.0
202.97,93.23,169.65,25.58,75.13,6.84,113.32
175.06,72.61,100.99,26.35,32.2,8.31,55.91
119.14,49.51,87.02,34.75,15.54,6.54,39.98
308.16,172.19,248.04,32.71,35.85,2.35,205.0
146.12,45.21,57.88,39.19,83.39,3.99,84.87
130.94,74.51,132.22,41.07,26.29,3.6,70.85
78.43,44.12,66.52,33.29,25.45,0.52,48.98
192.36,93.11,157.05,12.45,74.12,3.81,116.23
142.1,62.3,86.63,22.96,47.51,3.24,65.05
166.63,74.82,122.53,29.48,26.88,0.23,118.81
117.32,42.61,79.7,28.89,33.4,7.65,34.97
312.37,158.55,263.15,15.81,78.57,1.47,222.82
374.1,163.34,205.52,28.65,64.86,4.61,220.41
214.23,117.08,187.41,21.19,75.87,7.11,115.7
267.91,131.17,221.3,20.85,22.82,5.52,165.58
350.85,166.27,278.46,36.69,51.65,1.69,243.05
399.57,198.53,330.1,23.5,78.77,5.64,267.56
257.0,120.48,202.53,26.88,36.26,6.87,140.17
359.22,189.22,288.98,28.01,28.54,7.72,219.16
366.19,139.28,202.53,28.02,45.54,3.0,218.34
322.84,178.21,301.14,16.82,41.67,0.5,226.39
200.54,100.83,144.08,29.18,29.84,5.55,117.04
60.03,32.69,59.68,20.71,91.32,2.19,46.6
35.85,10.7,8.45,30.96,53.65,7.07,0.0
206.56,102.48,192.64,14.66,63.65,6.18,98.76
212.9,90.75,126.42,41.81,24.69,7.0,98.02
180.72,95.23,159.05,34.71,63.8,8.71,68.86
240.22,85.9,106.96,23.35,59.43,5.34,139.81
234.3,99.75,126.17,19.64,89.55,8.16,121.84
339.55,146.45,213.94,22.41,47.99,5.85,185.22
70.2,29.18,30.97,33.08,77.56,1.8,32.53
113.32,55.52,95.16,30.97,39.33,7.23,28.03
323.41,170.28,290.32,32.47,61.32,6.3,186.13
343.7,141.92,193.53,38.45,89.16,8.81,181.24
398.08,208.21,351.68,24.6,65.01,2.34,278.92
352.98,125.23,187.51,31.42,71.89,3.13,209.34
359.26,175.83,287.15,24.13,85.08,7.43,236.13
146.31,70.77,131.33,30.42,89.03,0.75,96.95
178.61,75.59,121.8,25.19,31.66,5.77,71.82
129.19,52.11,69.98,34.85,30.67,4.91,72.58
254.33,134.53,163.6,10.17,59.04,1.69,177.88
377.36,189.78,284.73,16.9,94.64,1.65,257.9
157.52,71.35,116.39,19.49,54.21,7.33,67.65
236.09,107.26,180.6,40.25,41.47,0.34,164.24
139.63,67.63,104.78,26.23,57.98,6.77,57.11
92.83,40.87,46.87,21.66,20.15,6.65,8.55
102.22,55.83,93.6,22.94,29.18,5.92,12.7
51.44,17.54,19.06,24.46,26.91,3.8,1.37
381.24,192.42,310.87,37.77,17.23,0.45,281.99
179.07,54.65,93.71,40.79,72.78,7.26,98.14
338.62,116.07,163.33,37.01,41.04,1.31,207.9
282.09,151.31,218.17,36.93,28.48,2.67,171.88
101.01,53.29,89.54,16.37,55.98,8.53,23.2
94.92,45.26,76.48,18.6,40.88,2.86,53.13
330.44,175.95,295.72,29.07,46.44,2.45,226.08
127.94,49.87,81.89,31.0,40.24,8.77,7.36
367.92,150.73,217.5,16.49,15.32,0.96,270.38
81.82,32.89,48.66,33.88,70.07,1.61,63.95
280.75,128.42,182.59,16.4,23.86,4.06,163.79
331.36,130.62,187.03,18.42,32.53,7.13,168.7
117.04,55.16,94.82,19.82,30.23,7.98,43.16
132.2,43.27,74.44,37.07,41.51,6.85,49.76
386.87,144.45,257.78,33.43,27.82,8.79,205.83
127.9,49.05,55.79,26.98,42.76,0.35,85.22
189.08,74.08,131.42,36.23,34.46,5.65,91.9
190.03,82.22,122.77,36.01,19.9,1.22,124.57
123.62,63.55,102.87,22.47,84.65,8.21,52.78
317.04,126.79,200.28,35.01,39.45,8.43,164.27
315.58,152.66,256.64,16.6,22.62,2.87,205.28
169.98,92.96,132.83,26.1,56.72,7.48,88.41
339.0,155.47,228.86,13.78,24.86,5.75,179.92
108.84,57.46,98.21,23.66,76.85,1.08,70.83
31.59,12.57,27.72,26.65,19.93,5.5,0.0
241.33,85.13,132.21,12.56,52.17,8.79,97.37
397.81,167.02,257.71,24.8,90.51,2.91,253.61
44.3,25.13,34.71,30.85,27.72,0.21,42.88
106.96,49.6,65.68,29.65,31.11,8.8,17.91
222.0,89.83,179.39,11.74,63.04,3.84,110.37
329.68,141.52,218.62,13.05,93.39,3.99,202.04
62.95,35.6,52.49,21.24,45.87,6.47,6.44
176.24,85.03,128.11,36.97,66.89,5.52,88.5
306.42,142.44,203.73,37.83,27.19,2.86,196.65
167.47,90.05,161.49,19.91,66.31,1.08,118.42
99.87,42.61,71.46,33.0,35.21,7.48,21.48
102.33,44.5,83.74,28.48,64.06,4.45,31.84
181.72,59.45,99.29,41.47,22.09,6.12,76.68
207.38,79.82,122.83,13.03,57.0,7.77,84.23
348.87,183.39,282.78,27.53,33.99,0.36,239.85
267.63,126.39,208.72,28.96,69.54,7.76,145.28
285.45,125.49,170.47,19.85,74.81,6.82,162.31
393.71,187.19,321.33,11.5,82.85,8.53,238.58
182.38,60.07,78.4,11.67,94.39,2.26,107.0
179.24,91.88,151.25,24.52,51.75,3.04,122.84
371.64,154.53,216.3,32.16,68.65,6.02,217.65
120.97,70.38,110.01,32.41,16.47,8.35,38.03
300.03,142.01,184.88,15.79,87.41,8.94,163.38
309.19,127.01,206.83,37.46,64.26,3.87,177.76
66.18,18.54,36.45,22.07,48.71,4.95,0.0
203.25,107.89,143.9,40.86,49.75,1.7,124.65
104.21,39.36,39.87,13.78,75.64,6.31,44.44
98.59,38.33,54.98,36.77,81.68,7.57,28.31
201.62,97.88,133.03,39.07,79.63,7.23,100.81
137.09,56.71,111.88,36.33,55.85,3.24,66.04
324.54,139.68,189.28,35.88,44.69,8.68,144.87
365.81,147.34,241.57,21.56,90.64,1.26,259.73
327.01,173.11,236.62,32.83,65.74,4.55,197.76
128.43,49.69,76.29,28.54,58.49,5.08,50.18
131.43,44.81,70.37,23.58,62.87,4.92,49.1
124.25,59.3,104.98,41.78,65.39,6.87,58.01
79.96,43.68,68.62,19.29,72.05,5.56,40.13
379.21,159.05,238.82,23.22,59.25,0.88,238.97
178.76,58.91,94.89,38.89,85.03,1.78,124.64
113.14,39.32,57.87,19.25,83.78,4.88,50.58
343.27,151.32,221.3,14.89,50.38,6.31,187.44
177.7,100.16,140.93,19.92,28.48,4.72,94.16
42.99,9.48,19.45,34.3,61.13,3.33,0.0
89.92,34.67,59.4,37.52,64.66,0.65,42.89
266.52,142.68,216.68,13.66,56.87,7.12,152.56
319.67,173.11,242.23,29.89,86.25,4.58,201.93
108.05,50.78,68.36,28.15,22.44,4.94,49.72
369.44,139.25,181.22,31.4,37.99,4.33,217.3
344.87,152.77,243.54,31.47,84.26,2.54,232.79
343.9,140.52,246.16,40.7,90.15,2.63,204.13
114.23,42.51,69.76,21.09,49.07,0.76,62.26
48.7,22.77,42.18,19.59,30.41,6.43,1.13
350.95,160.88,224.28,28.6,48.63,2.59,209.03
143.15,56.18,93.25,23.74,51.49,2.83,82.32
259.0,127.42,170.85,25.16,56.57,8.94,109.38
311.19,129.29,183.01,12.22,36.95,3.6,185.61
77.47,34.92,62.22,14.74,40.01,4.69,41.38
318.91,169.56,241.42,39.93,67.45,3.6,208.7
377.25,193.03,254.1,12.19,64.74,2.75,224.28
299.5,121.35,157.75,28.88,67.97,0.25,204.1
193.25,90.52,143.43,34.15,45.18,7.72,104.66
354.37,140.92,206.79,10.38,41.92,4.36,236.44
225.16,85.12,137.6,17.13,43.12,6.54,114.53
305.57,151.1,234.69,22.07,91.09,8.64,154.39
333.59,123.2,199.58,26.22,46.62,0.22,222.91
307.26,134.03,193.62,20.93,63.49,6.14,185.64
136.51,61.93,99.87,30.77,56.83,1.24,84.02
73.6,33.15,44.65,17.24,85.1,4.23,42.52
118.19,45.57,76.07,10.82,44.53,7.65,24.38
216.06,92.97,136.26,10.05,49.73,0.83,143.79
216.95,118.85,155.51,21.06,82.42,8.91,80.8
245.58,115.22,183.05,21.57,27.88,5.31,127.45
176.19,71.52,119.35,40.36,62.54,3.68,96.26
321.15,116.35,164.71,11.43,46.99,0.37,203.04
367.87,171.25,285.97,26.96,93.86,5.36,216.56
121.29,53.14,89.57,28.49,72.71,4.56,58.41
302.51,145.42,251.04,32.38,15.84,2.09,201.52
280.85,143.7,237.83,30.44,82.16,4.52,177.47
223.54,99.07,177.23,10.26,71.25,0.31,160.49
99.76,40.45,61.89,30.22,59.88,9.0,19.85
324.24,110.25,155.87,20.32,33.89,3.12,186.73
385.43,135.73,236.25,34.73,26.95,4.43,240.65
297.08,130.04,219.3,16.03,65.27,7.11,150.11
369.61,195.81,279.59,32.92,50.2,6.47,238.26
394.15,159.54,276.1,30.02,83.93,8.02,236.58
160.26,79.1,115.42,30.87,35.99,8.48,55.93
266.14,126.11,191.7,15.63,66.0,1.86,168.47
205.36,70.96,123.04,31.41,34.91,3.64,114.92
395.05,157.62,224.57,33.58,65.91,6.24,229.66
64.71,30.79,40.5,25.66,18.87,0.6,51.22
182.58,86.42,117.34,20.89,46.34,6.51,71.48
353.95,154.43,242.35,15.33,28.81,0.24,242.56
135.1,66.61,81.57,19.28,63.47,8.24,21.01
321.48,168.46,288.66,34.44,40.34,6.52,187.17
171.63,88.47,131.36,23.1,76.72,5.18,110.97
392.59,227.99,326.47,32.49,24.17,3.97,241.48
356.91,179.71,298.05,33.68,59.5,8.89,180.72
141.49,76.95,84.45,31.57,62.49,6.68,59.08
314.97,154.24,254.68,31.55,16.77,7.3,189.34
154.64,74.28,106.78,29.55,17.88,7.46,64.28
254.35,135.96,250.86,26.59,39.66,0.39,161.46
273.64,148.94,250.49,16.33,63.73,0.68,174.47
336.95,128.01,174.89,36.97,92.01,1.95,217.57
39.05,22.02,41.98,40.86,22.26,5.97,0.0
111.46,60.08,77.81,24.93,71.25,5.69,52.54
293.41,142.65,264.08,39.86,70.42,3.06,198.13
238.5,111.65,174.98,41.94,68.56,8.76,106.2
213.37,95.8,136.38,25.56,56.29,1.02,156.03
50.43,30.4,48.59,33.18,92.35,7.04,8.36
158.86,86.12,137.54,30.6,55.14,4.43,98.2
350.09,128.21,184.18,17.59,82.06,3.89,222.25
41.43,22.61,38.19,11.51,36.0,0.42,25.57
176.68,94.34,167.22,24.51,79.5,6.6,92.8
379.7,205.82,297.41,35.19,94.72,6.99,229.56
48.83,28.87,45.27,20.4,87.81,3.01,32.03
307.39,140.79,202.8,35.1,39.33,4.75,173.44
125.32,49.07,67.79,30.95,82.69,5.54,74.42
350.65,137.92,240.2,32.26,22.62,3.44,207.09
306.05,175.54,292.84,19.14,69.22,5.62,189.45
357.71,149.09,256.7,25.04,42.37,4.02,215.79
109.89,44.45,66.54,15.81,67.69,7.93,21.03
226.58,107.79,152.35,17.89,47.98,6.52,137.08
318.33,135.28,236.83,12.88,15.72,1.17,205.26
120.91,39.46,57.63,14.06,33.5,7.24,31.14
115.38,44.96,58.65,16.74,18.39,3.17,49.82
40.06,22.85,20.76,28.57,49.18,8.43,0.0
384.65,166.77,269.4,24.12,82.21,5.51,234.75
292.71,111.61,191.38,18.54,74.04,0.44,189.11
265.16,133.84,196.95,37.56,78.11,6.66,147.42
305.28,119.38,208.35,26.8,79.58,1.35,210.56
226.7,118.22,183.76,39.54,44.76,7.92,121.7
206.17,75.18,113.77,30.32,55.48,8.55,83.88
196.33,74.92,113.6,10.51,55.68,6.32,92.12
266.96,98.0,174.69,39.23,24.06,4.89,144.31
104.57,48.14,83.67,37.44,62.85,5.5,34.25
358.58,159.72,244.89,30.33,72.61,3.97,218.18
330.35,166.48,224.36,27.11,63.88,0.94,205.68
159.34,69.25,119.09,24.49,74.68,8.37,59.48
244.09,103.64,181.46,25.43,24.51,3.1,156.58
82.18,38.07,68.52,34.62,75.91,2.95,43.11
389.77,157.62,289.64,26.42,31.65,1.88,249.32
364.07,196.57,274.12,15.63,85.15,8.93,205.14
371.1,141.21,197.91,11.86,34.59,8.49,204.58
152.9,80.5,130.18,14.04,54.36,3.28,78.95
92.58,41.07,56.72,18.05,53.98,2.49,50.03
108.36,37.06,55.29,21.77,36.51,7.29,25.72
63.3,27.23,38.53,38.56,43.94,3.92,19.53
74.44,27.07,41.19,17.65,29.85,8.72,0.0
56.38,27.12,43.21,20.23,60.61,8.13,0.0
396.23,177.66,293.3,17.14,88.04,6.88,245.61
57.4,21.42,37.48,27.46,40.33,0.99,31.92
79.04,29.9,53.16,29.75,55.65,6.38,31.91
336.08,161.93,241.21,27.03,83.95,8.89,185.96
244.69,132.79,212.53,40.46,51.2,3.48,135.68
316.53,175.89,266.2,41.85,81.5,7.96,191.07
263.44,125.41,193.86,36.8,50.71,3.79,162.32
356.4,192.51,351.21,35.77,50.22,8.75,204.35
266.23,133.48,200.8,21.71,27.58,5.95,146.22
223.19,95.67,163.53,28.55,25.0,1.05,124.38
293.72,139.21,191.21,21.25,63.92,4.42,153.67
195.54,62.83,111.18,35.1,81.19,0.64,147.62
158.04,86.94,121.07,15.5,25.83,3.68,82.95
203.03,116.97,202.37,16.93,87.81,8.26,115.55
92.79,37.06,56.77,11.24,43.71,2.24,32.21
324.73,163.48,210.99,29.49,49.02,8.56,160.25
126.46,76.91,130.87,32.03,86.56,1.08,101.18
86.81,32.55,52.23,10.11,86.7,6.05,28.0
121.15,53.77,76.1,26.35,56.99,8.7,34.74
341.57,190.12,267.41,22.06,37.14,5.96,204.57
152.17,85.78,146.38,35.36,28.76,8.11,58.99
283.84,117.61,202.73,11.24,36.73,8.92,131.67
346.87,146.86,205.9,11.55,77.45,5.85,192.31
58.77,26.79,36.26,29.85,40.97,7.08,11.13
313.06,120.38,180.32,28.93,70.56,0.48,227.25
143.84,50.45,56.35,36.59,30.62,3.96,57.6
110.15,37.67,64.65,28.95,53.28,2.74,44.59
284.89,114.18,167.49,40.38,43.17,7.45,140.7
366.62,172.55,261.13,20.06,55.29,6.16,217.46
139.16,66.98,109.97,22.73,60.6,5.61,61.02
240.47,110.4,164.99,41.29,94.27,8.4,126.28
137.24,70.53,117.29,13.44,86.99,0.98,98.23
235.09,106.87,157.83,35.47,70.67,8.59,114.82
260.09,107.41,165.3,10.37,27.3,1.09,191.65
255.82,91.17,163.59,25.57,88.52,3.25,152.33
260.71,98.04,153.24,14.91,86.41,5.75,161.81
79.98,37.33,67.46,29.16,85.94,3.2,58.9
286.61,94.87,135.41,35.54,53.32,6.21,151.86
279.66,100.92,172.22,11.06,28.66,7.02,123.05
282.56,120.64,166.52,15.24,75.35,7.49,151.86
57.41,20.2,24.52,20.96,46.08,1.78,20.99
195.33,91.75,153.51,18.19,42.57,1.8,124.4
181.34,97.37,164.83,22.26,46.26,0.66,114.59
62.08,29.33,40.92,40.46,59.73,4.52,22.67
112.28,57.23,83.14,13.24,41.68,1.41,79.21
193.16,75.28,107.88,23.55,70.19,3.0,128.92
304.88,141.86,228.68,24.63,66.82,7.6,160.15
117.71,46.64,69.0,18.97,55.71,8.55,16.06
337.01,147.08,211.74,18.91,19.32,7.43,185.38
231.95,115.18,150.7,32.87,89.92,0.21,182.74
311.36,136.37,213.04,29.77,47.94,5.2,180.38
204.85,84.14,144.28,36.01,50.96,1.67,132.79
214.7,96.04,153.76,22.96,51.48,3.51,122.94
259.3,131.65,176.74,29.41,44.2,3.97,149.44
373.35,193.79,261.95,38.59,68.97,8.5,213.58
211.97,94.13,123.71,37.24,16.11,5.78,106.11
225.6,92.46,135.02,39.44,84.88,2.56,146.81
252.74,90.19,140.35,18.61,23.2,5.86,135.1
302.88,156.65,212.61,41.53,94.98,8.58,169.23
56.58,26.18,42.72,36.12,65.25,0.72,40.15
220.8,87.56,157.01,35.43,20.3,7.38,95.89
208.19,77.22,131.82,31.36,59.99,2.11,116.16
371.02,201.55,343.93,41.46,41.5,1.55,255.54
212.6,104.26,152.38,24.13,91.24,8.11,105.44
203.28,81.59,90.91,33.73,75.44,0.22,133.7
386.01,188.71,274.0,32.36,55.56,6.72,227.36
196.71,88.96,156.65,33.43,49.38,0.97,138.91
96.93,48.7,69.4,34.05,94.67,5.64,52.91
110.26,47.91,79.24,16.1,68.39,5.66,55.1
65.22,31.83,51.09,21.17,56.11,7.79,0.0
30.21,17.32,43.7,22.55,46.84,7.44,0.0
189.82,72.3,114.8,33.94,40.97,6.23,85.3
314.62,151.05,249.33,32.92,71.43,3.55,205.65
301.38,115.04,176.84,36.67,62.03,1.66,186.56
41.9,16.7,36.97,35.23,82.85,5.79,0.0
240.89,114.63,154.44,29.07,59.28,4.57,133.1
87.08,43.79,73.95,14.48,61.59,0.89,60.64
378.2,179.99,264.25,30.33,53.19,8.61,193.84
91.93,55.39,101.43,38.39,76.01,2.97,81.63
261.86,124.01,202.18,30.58,48.2,0.22,179.72
150.71,70.46,93.95,38.66,83.16,8.13,71.61
267.38,132.5,240.08,41.97,41.16,5.28,151.07
182.54,68.27,101.26,21.49,70.41,6.65,93.59
311.07,125.56,188.61,33.15,86.44,1.54,206.64
115.35,51.76,81.78,27.28,76.53,3.76,72.57
365.14,131.04,226.66,24.56,42.41,5.88,203.64
215.08,103.11,165.53,17.68,71.51,2.41,157.72
309.75,135.47,227.31,17.87,31.56,6.37,157.98
344.4,159.16,228.57,15.92,19.65,2.26,229.82
399.57,167.06,258.98,30.21,78.31,2.04,265.07
112.86,55.92,94.13,14.55,79.64,0.3,74.94
136.15,60.23,98.81,23.8,16.83,2.68,96.25
122.66,57.82,92.35,26.75,90.82,2.37,96.71
127.26,54.87,84.16,24.02,50.67,6.93,23.5
245.5,108.48,147.93,37.36,87.42,5.21,143.1
397.6,142.15,217.68,24.18,78.05,1.76,264.06
396.4,198.35,344.88,12.65,87.05,5.2,260.03
224.91,97.1,180.71,41.75,81.67,2.18,164.58
266.44,143.57,250.44,37.04,92.92,3.94,188.03
348.19,149.99,244.95,31.12,65.33,8.02,190.6
375.19,186.31,253.44,34.2,33.18,6.53,240.7
105.43,43.91,73.21,14.1,46.17,5.93,44.95
225.56,107.5,148.7,34.51,75.15,2.68,141.99
338.15,150.79,243.89,16.65,27.56,1.3,217.25
142.18,66.86,109.94,25.65,89.39,6.83,77.6
192.73,72.31,113.32,15.7,31.42,5.2,87.93
394.68,145.55,249.81,34.12,85.08,5.68,231.21
394.47,139.83,234.2,17.87,53.7,8.78,203.93
365.26,194.9,272.95,18.1,82.25,3.27,246.66
325.43,138.15,182.61,13.5,91.66,7.25,178.73
129.58,45.12,68.93,33.06,48.77,5.12,40.36
148.71,89.24,115.15,19.47,70.73,2.27,111.54
232.49,84.98,128.0,26.58,33.14,0.67,144.1
237.49,98.44,165.15,20.63,79.06,5.62,154.72
217.04,103.47,159.37,34.79,80.59,2.82,143.36
265.57,148.4,194.16,17.25,38.62,6.32,160.55
181.08,94.83,139.12,40.11,16.93,6.37,94.45
307.19,136.14,233.9,20.28,49.5,4.21,198.33
153.41,81.38,127.24,13.32,28.6,4.92,84.22
152.35,60.15,75.04,17.69,80.48,5.71,75.64
77.07,37.22,54.36,12.37,35.89,4.32,37.86
99.82,53.86,60.75,25.0,90.5,7.92,53.78
344.69,196.04,323.13,18.01,92.74,0.87,248.16
195.12,79.26,96.61,38.35,87.71,8.82,90.92
114.31,39.39,51.92,26.55,62.97,0.49,70.43
310.96,152.14,250.08,17.47,36.39,2.03,209.23
234.97,104.13,165.68,24.44,79.58,6.43,129.59
37.83,10.23,14.26,16.27,71.13,0.95,4.36
147.05,82.17,129.28,15.72,93.17,2.51,95.8
95.49,50.85,95.61,19.62,45.18,1.55,69.42
272.67,110.84,172.19,13.47,19.7,6.57,135.04
131.76,54.77,69.23,16.04,94.87,5.29,72.36
54.03,15.55,40.83,40.02,82.06,0.77,40.96
50.33,18.8,24.18,31.34,32.72,4.25,5.27
245.24,90.05,158.61,39.48,73.05,2.03,167.51
38.04,14.42,41.32,18.22,15.06,8.72,0.0
344.05,178.38,241.22,37.42,59.62,1.15,235.0
87.5,42.24,80.85,21.59,44.03,5.46,39.12
254.43,110.96,157.2,14.61,45.51,4.44,146.12
194.53,98.51,144.24,35.75,34.56,5.29,86.58
193.86,103.22,156.24,11.91,36.99,8.62,80.68
56.56,27.7,44.86,22.96,51.37,3.2,2.04
327.02,151.6,258.65,36.22,34.85,6.79,191.72
360.43,183.91,249.78,29.75,52.32,4.14,232.44
34.08,17.6,4.88,26.58,61.19,6.01,0.0
96.08,44.46,76.46,21.32,71.89,3.42,58.78
364.44,188.72,297.28,12.4,69.17,2.2,252.0
233.31,93.04,137.48,41.71,34.36,0.94,133.27
85.51,37.43,73.36,15.59,18.14,1.1,51.6
105.03,42.15,61.75,18.17,81.61,8.64,11.64
274.19,114.96,202.39,17.55,84.79,7.14,147.85
298.18,139.4,185.56,39.05,93.31,2.36,211.64
251.79,126.21,168.71,34.44,91.78,4.86,162.39
382.66,179.52,281.38,24.63,65.71,6.49,230.43
212.8,81.8,117.45,40.57,86.54,3.3,126.25
141.1,71.15,98.05,11.69,50.84,4.07,62.74
206.58,81.05,91.3,38.6,77.99,6.52,104.73
163.08,88.22,148.12,11.93,91.43,2.2,122.15
113.03,45.26,77.51,22.52,78.7,4.83,59.04
47.01,17.66,32.55,11.73,48.26,2.05,3.28
160.32,72.44,123.69,41.97,45.22,0.23,109.86
293.22,141.33,262.63,39.26,38.32,6.27,149.33
36.82,18.54,29.51,28.71,44.37,6.42,0.0
192.5,98.55,149.61,16.97,80.65,8.96,81.42
268.28,122.24,215.27,18.86,71.12,1.79,170.28
255.85,112.41,206.25,24.39,34.99,6.71,144.07
317.36,140.55,255.68,20.33,71.92,8.54,180.98
329.89,116.44,199.64,10.68,45.35,5.87,183.96
293.33,131.77,190.5,31.0,59.62,8.68,168.11
68.04,29.8,38.22,29.63,44.63,8.95,0.0
205.76,93.31,151.2,38.94,56.73,7.25,90.8
253.26,125.18,203.82,25.26,73.38,8.99,135.64
120.86,59.14,100.65,21.03,73.49,5.71,55.3
45.74,24.09,42.72,26.37,75.25,4.57,25.84
112.73,43.95,78.04,16.23,46.28,8.28,28.78
198.31,76.59,107.82,30.02,70.24,7.51,96.99
183.15,76.14,121.91,34.64,34.1,1.17,101.69
95.37,50.35,66.76,14.91,53.19,2.86,49.44
335.03,132.42,183.87,20.19,61.65,2.49,205.15
372.5,188.79,261.3,37.77,69.92,7.73,200.11
104.5,36.75,41.55,26.18,87.96,2.25,59.0
373.94,136.32,195.83,27.02,39.38,2.88,230.85
36.61,23.12,29.32,33.12,82.62,4.77,5.61
372.24,152.16,237.3,28.49,39.89,0.87,229.57
382.21,171.98,307.93,12.23,59.15,8.66,209.04
34.46,25.25,38.15,35.73,81.25,4.52,2.36
312.32,174.3,215.68,39.53,72.85,1.88,216.01
388.97,197.79,328.45,11.7,84.03,2.58,266.52
365.18,127.66,198.79,13.88,80.19,7.22,198.44
389.16,184.8,277.09,32.46,37.11,5.78,227.52
233.62,124.94,214.3,29.34,94.43,4.29,149.46
58.92,23.53,44.96,22.24,89.96,3.12,38.9
344.42,126.41,205.02,27.26,49.41,8.13,180.88
257.12,116.98,213.39,32.51,18.78,7.0,150.4
257.45,108.66,180.26,26.14,39.28,6.52,146.34
184.38,79.41,127.92,14.49,81.89,4.12,123.05
241.58,119.01,167.63,12.86,91.07,8.83,134.49
86.82,47.38,58.13,24.04,81.53,6.45,45.03
303.71,128.14,171.44,39.53,46.74,3.93,166.59
57.76,21.37,29.18,27.85,19.52,8.65,0.0
300.02,128.49,213.35,21.46,56.41,8.08,167.17
344.12,136.88,199.66,39.08,45.11,6.71,201.49
204.81,86.87,164.63,22.44,24.84,6.95,91.09
218.64,79.56,100.42,26.29,23.47,3.93,124.23
145.52,85.1,120.84,13.73,27.24,4.66,76.44
388.7,153.11,260.18,33.6,31.47,1.89,267.32
301.26,142.54,211.65,32.41,75.3,5.44,167.61
166.53,63.03,86.89,35.42,45.54,3.46,80.44
94.68,34.33,59.75,20.41,49.96,3.26,24.95
111.24,43.14,60.83,23.95,62.87,8.54,23.31
201.65,76.7,126.16,15.39,91.81,1.65,154.51
378.75,150.89,265.3,40.86,75.52,7.5,217.36
301.63,137.18,207.72,12.75,66.66,2.68,190.12
109.64,62.54,94.57,30.77,74.51,0.45,88.98
348.04,132.38,193.18,32.57,72.54,0.56,232.16
169.93,73.29,116.56,15.05,70.22,3.98,102.75
345.14,165.06,245.41,21.69,54.71,4.2,215.4
119.43,55.92,70.86,11.38,60.35,3.02,53.89
258.9,119.87,205.73,27.81,51.92,6.09,141.44
372.87,141.8,201.01,41.84,46.6,4.47,225.03
125.42,49.55,80.92,23.76,36.66,0.85,87.87
286.38,125.88,163.34,41.68,43.42,3.26,184.5
395.31,219.54,383.27,14.04,49.28,1.1,281.61
85.72,55.45,87.34,22.56,61.35,0.75,62.36
62.71,36.4,53.29,38.86,54.99,2.03,40.05
279.45,123.73,204.64,38.05,23.64,6.37,146.54
155.7,57.27,87.42,20.35,42.2,6.32,57.79
56.36,21.73,41.16,31.72,45.1,7.78,0.0
205.86,81.03,111.29,38.36,71.55,6.86,89.51
308.9,109.66,177.27,34.54,41.63,4.91,176.89
135.5,58.59,109.33,30.11,15.64,2.95,85.94
153.97,66.65,108.93,14.88,21.75,0.25,95.88
342.91,143.58,233.57,12.34,54.76,5.89,200.14
222.43,81.55,108.81,29.67,30.08,2.75,121.57
